node.exe : FAIL src/__tests__/a-column-called-fih.test.ts
At line:1 char:1
+ & "C:\Program Files\nodejs/node.exe" "C:\Program Files\nodejs/node_mo ...
+ ~~~~~~~~~~~~~~~~~~~~~~~~~~~~~~~~~~~~~~~~~~~~~~~~~~~~~~~~~~~~~~~~~~~~~
    + CategoryInfo          : NotSpecified: (FAIL src/__test...led-fih.test.ts:String) [], RemoteException
    + FullyQualifiedErrorId : NativeCommandError
 
  ظù the English half of the same cleaner still runs ظ║ a list of values is still refused

    expect(received).toBeNull()

    Received: [{"key": "text1", "label": "milk", "options": undefined, "role": "text", "type": "text"}, {"key": 
"text2", "label": "bread", "options": undefined, "role": "text", "type": "text"}, {"key": "text3", "label": "eggs", 
"options": undefined, "role": "text", "type": "text"}]

    [0m [90m 85 |[39m
     [90m 86 |[39m     it([32m'a list of values is still refused'[39m[33m,[39m () [33m=>[39m {
    [31m[1m>[22m[39m[90m 87 |[39m         expect(derivedColumns([32m'A shopping list with milk, bread and 
eggs'[39m))[33m.[39mtoBeNull()[33m;[39m
     [90m    |[39m                                                                             [31m[1m^[22m[39m
     [90m 88 |[39m     })[33m;[39m
     [90m 89 |[39m })[33m;[39m
     [90m 90 |[39m[0m

      at Object.<anonymous> (__tests__/a-column-called-fih.test.ts:87:77)

FAIL src/__tests__/a-verb-phrase-read-as-a-column.test.ts
  ظù a column is named by a noun, never by a verb ظ║ NEGATIVE ظ¤ TWO columns still outrank the noun, exactly as 
before

    expect(received).toBe(expected) // Object.is equality

    Expected: "generic"
    Received: "booking"

    [0m [90m  98 |[39m         [90m//  The boundary. Requiring two must not weaken the rule it guards:[39m
     [90m  99 |[39m         [90m//  a list he WROTE still beats a noun he happened to use.[39m
    [31m[1m>[22m[39m[90m 100 |[39m         expect(detectAppKind([32m'╪╣┘╪»┘è ╪╣┘è╪د╪»╪ر ╪ث╪│┘╪د┘╪î ╪ث╪▒┘è╪» 
╪ش╪»┘ê┘╪د┘ï ┘┘è┘ç ╪د╪│┘à ╪د┘┘à╪▒┘è╪╢ ┘ê╪▒┘é┘à ╪ز┘┘┘ê┘┘ç ┘ê┘ê┘é╪ز 
╪د┘┘à┘ê╪╣╪»'[39m))[33m.[39mtoBe([32m'generic'[39m)[33m;[39m
     [90m     |[39m                                                                                                  
     [31m[1m^[22m[39m
     [90m 101 |[39m     })[33m;[39m
     [90m 102 |[39m
     [90m 103 |[39m     it([32m'NEGATIVE ظ¤ a noun that OPENS with a verb letter is still a 
column'[39m[33m,[39m () [33m=>[39m {[0m

      at Object.<anonymous> (__tests__/a-verb-phrase-read-as-a-column.test.ts:100:103)

  ظù a column is named by a noun, never by a verb ظ║ NEGATIVE ظ¤ and the archetype that a column list SHOULD 
override still is

    expect(received).toBe(expected) // Object.is equality

    Expected: "generic"
    Received: "booking"

    [0m [90m 119 |[39m         expect(detectAppKind(
     [90m 120 |[39m             [32m'╪╣┘╪»┘è ╪╣┘è╪د╪»╪ر ╪ث╪│┘╪د┘╪î ╪ث╪▒┘è╪» ╪ش╪»┘ê┘╪د┘ï ┘┘è┘ç ╪د╪│┘à 
╪د┘┘à╪▒┘è╪╢ ┘ê╪▒┘é┘à ╪ز┘┘┘ê┘┘ç ┘ê╪ز╪د╪▒┘è╪« ╪د┘┘à┘ê╪╣╪»'[39m[33m,[39m
    [31m[1m>[22m[39m[90m 121 |[39m         ))[33m.[39mtoBe([32m'generic'[39m)[33m;[39m
     [90m     |[39m            [31m[1m^[22m[39m
     [90m 122 |[39m     })[33m;[39m
     [90m 123 |[39m })[33m;[39m
     [90m 124 |[39m[0m

      at Object.<anonymous> (__tests__/a-verb-phrase-read-as-a-column.test.ts:121:12)

FAIL src/__tests__/a-page-he-named-is-a-criterion-not-a-column.test.ts (9.981 s)
  ظù and a page he named is not a column in a table ظ║ a real column list is untouched ظ¤ this is a boundary, not a 
ban on ┬س┘┘è┘ç┬╗

    expect(received).toBe(expected) // Object.is equality

    Expected: 3
    Received: 0

    [0m [90m 67 |[39m     it([32m'a real column list is untouched ظ¤ this is a boundary, not a ban on 
┬س┘┘è┘ç┬╗'[39m[33m,[39m () [33m=>[39m {
     [90m 68 |[39m         [36mconst[39m got [33m=[39m ids([32m'╪ش╪»┘ê┘ ┘┘ê╪د╪ز┘è╪▒ ┘┘è┘ç ╪د╪│┘à 
╪د┘╪╣┘à┘è┘ ┘ê╪د┘┘à╪ذ┘╪║ ┘ê╪د┘╪ز╪د╪▒┘è╪«'[39m)[33m;[39m
    [31m[1m>[22m[39m[90m 69 |[39m         expect(got[33m.[39mfilter(i [33m=>[39m 
i[33m.[39mstartsWith([32m'column:'[39m))[33m.[39mlength)[33m.[39mtoBe([35m3[39m)[33m;[39m
     [90m    |[39m                                                                 [31m[1m^[22m[39m
     [90m 70 |[39m     })[33m;[39m
     [90m 71 |[39m
     [90m 72 |[39m     it([32m'a page AND columns in one sentence keeps the columns'[39m[33m,[39m () 
[33m=>[39m {[0m

      at Object.<anonymous> (__tests__/a-page-he-named-is-a-criterion-not-a-column.test.ts:69:65)

  ظù and a page he named is not a column in a table ظ║ a page AND columns in one sentence keeps the columns

    expect(received).toBe(expected) // Object.is equality

    Expected: 2
    Received: 0

    [0m [90m 81 |[39m         [90m//  pages is not a shop with a table.[39m
     [90m 82 |[39m         [36mconst[39m got [33m=[39m ids([32m'╪ش╪»┘ê┘ ┘┘ê╪د╪ز┘è╪▒ ┘┘è┘ç ╪╡┘╪ص╪ر 
╪د┘┘à┘╪ز╪ش╪د╪ز ┘ê╪د╪│┘à ╪د┘╪╣┘à┘è┘ ┘ê╪د┘┘à╪ذ┘╪║'[39m)[33m;[39m
    [31m[1m>[22m[39m[90m 83 |[39m         expect(got[33m.[39mfilter(i [33m=>[39m 
i[33m.[39mstartsWith([32m'column:'[39m))[33m.[39mlength)[33m.[39mtoBe([35m2[39m)[33m;[39m
     [90m    |[39m                                                                 [31m[1m^[22m[39m
     [90m 84 |[39m     })[33m;[39m
     [90m 85 |[39m })[33m;[39m
     [90m 86 |[39m[0m

      at Object.<anonymous> (__tests__/a-page-he-named-is-a-criterion-not-a-column.test.ts:83:65)

PASS src/__tests__/a-capability-is-a-control-not-a-word.test.ts (12.468 s)
  ظù Console

    console.info
      [Config] env=test ┬╖ storage=JSON ┬╖ mongo=DEFAULT ظْ mongodb://localhost:27017/joe

      at console.<computed> [as info] (__tests__/setup.ts:79:9)

PASS src/__tests__/his-columns-are-the-criteria.test.ts (11.511 s)
PASS src/__tests__/a-website-judged-by-table-columns.test.ts (11.674 s)
PASS src/__tests__/records-requirements-without-a-model.test.ts
PASS src/__tests__/weather-contract.test.ts
PASS src/__tests__/a-column-he-named-became-a-table.test.ts
PASS src/__tests__/workflow-capabilities-are-not-columns.test.ts (18.605 s)
  ظù Console

    console.info
      [Config] env=test ┬╖ storage=JSON ┬╖ mongo=DEFAULT ظْ mongodb://localhost:27017/joe

      at console.<computed> [as info] (__tests__/setup.ts:79:9)

    console.info
      [ToolRegistry] Registered 163 tools (71 revived).

      at console.<computed> [as info] (__tests__/setup.ts:79:9)

    console.warn
      [ToolRegistry] 21 tool(s) declared no permissions ظ¤ defaulted: business_logic_parserظْread, 
chaos_test_planظْread, compliance_validatorظْread, cloud_cost_estimatorظْread, ambiguity_resolverظْread, 
multi_agent_debateظْread, self_confidence_evaluatorظْread, project_plannerظْread, central_answerظْread, 
web_page_builderظْwrite, form_inboxظْread, echoظْread, shell_check_statusظْread, ask_userظْread, 
json_queryظْread, alert_managerظْwrite, cache_managerظْwrite, monitoringظْread, project_state_managerظْwrite, 
request_analyzerظْread, template_managerظْwrite

    [0m [90m 77 |[39m     console[level] [33m=[39m ([33m...[39margs[33m:[39m any[]) [33m=>[39m {
     [90m 78 |[39m         [36mif[39m ([36mtypeof[39m args[[35m0[39m] [33m===[39m [32m'string'[39m 
[33m&&[39m [33mEXPECTED_AT_IMPORT[39m[33m.[39mtest(args[[35m0[39m])) [36mreturn[39m[33m;[39m
    [31m[1m>[22m[39m[90m 79 |[39m         real([33m...[39margs)[33m;[39m
     [90m    |[39m         [31m[1m^[22m[39m
     [90m 80 |[39m     }[33m;[39m
     [90m 81 |[39m }
     [90m 82 |[39m[0m

      at console.<computed> [as warn] (__tests__/setup.ts:79:9)
      at modules/tools/registry.ts:416:13
      at Object.<anonymous> (modules/tools/registry.ts:422:3)
      at Object.<anonymous> (core/orchestrator/toolCatalog.ts:33:1)
      at Object.<anonymous> (core/orchestrator/PlanningEngine.ts:2:1)
      at Object.<anonymous> (__tests__/workflow-capabilities-are-not-columns.test.ts:1:1)

    console.warn
      [ToolRegistry] 2 tool(s) had no rate limit ظ¤ set to 30/min: central_answer, web_page_builder

    [0m [90m 77 |[39m     console[level] [33m=[39m ([33m...[39margs[33m:[39m any[]) [33m=>[39m {
     [90m 78 |[39m         [36mif[39m ([36mtypeof[39m args[[35m0[39m] [33m===[39m [32m'string'[39m 
[33m&&[39m [33mEXPECTED_AT_IMPORT[39m[33m.[39mtest(args[[35m0[39m])) [36mreturn[39m[33m;[39m
    [31m[1m>[22m[39m[90m 79 |[39m         real([33m...[39margs)[33m;[39m
     [90m    |[39m         [31m[1m^[22m[39m
     [90m 80 |[39m     }[33m;[39m
     [90m 81 |[39m }
     [90m 82 |[39m[0m

      at console.<computed> [as warn] (__tests__/setup.ts:79:9)
      at modules/tools/registry.ts:419:13
      at Object.<anonymous> (modules/tools/registry.ts:422:3)
      at Object.<anonymous> (core/orchestrator/toolCatalog.ts:33:1)
      at Object.<anonymous> (core/orchestrator/PlanningEngine.ts:2:1)
      at Object.<anonymous> (__tests__/workflow-capabilities-are-not-columns.test.ts:1:1)

    console.warn
      [WS] broadcast called but liveWssRef is null

    [0m [90m 77 |[39m     console[level] [33m=[39m ([33m...[39margs[33m:[39m any[]) [33m=>[39m {
     [90m 78 |[39m         [36mif[39m ([36mtypeof[39m args[[35m0[39m] [33m===[39m [32m'string'[39m 
[33m&&[39m [33mEXPECTED_AT_IMPORT[39m[33m.[39mtest(args[[35m0[39m])) [36mreturn[39m[33m;[39m
    [31m[1m>[22m[39m[90m 79 |[39m         real([33m...[39margs)[33m;[39m
     [90m    |[39m         [31m[1m^[22m[39m
     [90m 80 |[39m     }[33m;[39m
     [90m 81 |[39m }
     [90m 82 |[39m[0m

      at console.<computed> [as warn] (__tests__/setup.ts:79:9)
      at broadcast (api/ws.ts:594:13)
      at ApiProjectTool.execute (modules/tools/definitions/ApiProjectTool.ts:2446:24)
      at Object.<anonymous> (__tests__/workflow-capabilities-are-not-columns.test.ts:100:60)

    console.warn
      [WS] broadcast called but liveWssRef is null

    [0m [90m 77 |[39m     console[level] [33m=[39m ([33m...[39margs[33m:[39m any[]) [33m=>[39m {
     [90m 78 |[39m         [36mif[39m ([36mtypeof[39m args[[35m0[39m] [33m===[39m [32m'string'[39m 
[33m&&[39m [33mEXPECTED_AT_IMPORT[39m[33m.[39mtest(args[[35m0[39m])) [36mreturn[39m[33m;[39m
    [31m[1m>[22m[39m[90m 79 |[39m         real([33m...[39margs)[33m;[39m
     [90m    |[39m         [31m[1m^[22m[39m
     [90m 80 |[39m     }[33m;[39m
     [90m 81 |[39m }
     [90m 82 |[39m[0m

      at console.<computed> [as warn] (__tests__/setup.ts:79:9)
      at broadcast (api/ws.ts:594:13)
      at broadcastThinkingDetail (api/ws.ts:725:3)
      at ApiProjectTool.execute (modules/tools/definitions/ApiProjectTool.ts:2765:47)
      at Object.<anonymous> (__tests__/workflow-capabilities-are-not-columns.test.ts:100:60)

    console.warn
      [WS] broadcast called but liveWssRef is null

    [0m [90m 77 |[39m     console[level] [33m=[39m ([33m...[39margs[33m:[39m any[]) [33m=>[39m {
     [90m 78 |[39m         [36mif[39m ([36mtypeof[39m args[[35m0[39m] [33m===[39m [32m'string'[39m 
[33m&&[39m [33mEXPECTED_AT_IMPORT[39m[33m.[39mtest(args[[35m0[39m])) [36mreturn[39m[33m;[39m
    [31m[1m>[22m[39m[90m 79 |[39m         real([33m...[39margs)[33m;[39m
     [90m    |[39m         [31m[1m^[22m[39m
     [90m 80 |[39m     }[33m;[39m
     [90m 81 |[39m }
     [90m 82 |[39m[0m

      at console.<computed> [as warn] (__tests__/setup.ts:79:9)
      at broadcast (api/ws.ts:594:13)
      at ApiProjectTool.execute (modules/tools/definitions/ApiProjectTool.ts:2828:26)
      at Object.<anonymous> (__tests__/workflow-capabilities-are-not-columns.test.ts:100:60)

    console.warn
      [WS] broadcast called but liveWssRef is null

    [0m [90m 77 |[39m     console[level] [33m=[39m ([33m...[39margs[33m:[39m any[]) [33m=>[39m {
     [90m 78 |[39m         [36mif[39m ([36mtypeof[39m args[[35m0[39m] [33m===[39m [32m'string'[39m 
[33m&&[39m [33mEXPECTED_AT_IMPORT[39m[33m.[39mtest(args[[35m0[39m])) [36mreturn[39m[33m;[39m
    [31m[1m>[22m[39m[90m 79 |[39m         real([33m...[39margs)[33m;[39m
     [90m    |[39m         [31m[1m^[22m[39m
     [90m 80 |[39m     }[33m;[39m
     [90m 81 |[39m }
     [90m 82 |[39m[0m

      at console.<computed> [as warn] (__tests__/setup.ts:79:9)
      at broadcast (api/ws.ts:594:13)
      at ApiProjectTool.execute (modules/tools/definitions/ApiProjectTool.ts:2828:26)
      at Object.<anonymous> (__tests__/workflow-capabilities-are-not-columns.test.ts:100:60)

    console.warn
      [WS] broadcast called but liveWssRef is null

    [0m [90m 77 |[39m     console[level] [33m=[39m ([33m...[39margs[33m:[39m any[]) [33m=>[39m {
     [90m 78 |[39m         [36mif[39m ([36mtypeof[39m args[[35m0[39m] [33m===[39m [32m'string'[39m 
[33m&&[39m [33mEXPECTED_AT_IMPORT[39m[33m.[39mtest(args[[35m0[39m])) [36mreturn[39m[33m;[39m
    [31m[1m>[22m[39m[90m 79 |[39m         real([33m...[39margs)[33m;[39m
     [90m    |[39m         [31m[1m^[22m[39m
     [90m 80 |[39m     }[33m;[39m
     [90m 81 |[39m }
     [90m 82 |[39m[0m

      at console.<computed> [as warn] (__tests__/setup.ts:79:9)
      at broadcast (api/ws.ts:594:13)
      at ApiProjectTool.execute (modules/tools/definitions/ApiProjectTool.ts:2828:26)
      at Object.<anonymous> (__tests__/workflow-capabilities-are-not-columns.test.ts:100:60)

    console.warn
      [WS] broadcast called but liveWssRef is null

    [0m [90m 77 |[39m     console[level] [33m=[39m ([33m...[39margs[33m:[39m any[]) [33m=>[39m {
     [90m 78 |[39m         [36mif[39m ([36mtypeof[39m args[[35m0[39m] [33m===[39m [32m'string'[39m 
[33m&&[39m [33mEXPECTED_AT_IMPORT[39m[33m.[39mtest(args[[35m0[39m])) [36mreturn[39m[33m;[39m
    [31m[1m>[22m[39m[90m 79 |[39m         real([33m...[39margs)[33m;[39m
     [90m    |[39m         [31m[1m^[22m[39m
     [90m 80 |[39m     }[33m;[39m
     [90m 81 |[39m }
     [90m 82 |[39m[0m

      at console.<computed> [as warn] (__tests__/setup.ts:79:9)
      at broadcast (api/ws.ts:594:13)
      at ApiProjectTool.execute (modules/tools/definitions/ApiProjectTool.ts:2828:26)
      at Object.<anonymous> (__tests__/workflow-capabilities-are-not-columns.test.ts:100:60)

    console.warn
      [WS] broadcast called but liveWssRef is null

    [0m [90m 77 |[39m     console[level] [33m=[39m ([33m...[39margs[33m:[39m any[]) [33m=>[39m {
     [90m 78 |[39m         [36mif[39m ([36mtypeof[39m args[[35m0[39m] [33m===[39m [32m'string'[39m 
[33m&&[39m [33mEXPECTED_AT_IMPORT[39m[33m.[39mtest(args[[35m0[39m])) [36mreturn[39m[33m;[39m
    [31m[1m>[22m[39m[90m 79 |[39m         real([33m...[39margs)[33m;[39m
     [90m    |[39m         [31m[1m^[22m[39m
     [90m 80 |[39m     }[33m;[39m
     [90m 81 |[39m }
     [90m 82 |[39m[0m

      at console.<computed> [as warn] (__tests__/setup.ts:79:9)
      at broadcast (api/ws.ts:594:13)
      at ApiProjectTool.execute (modules/tools/definitions/ApiProjectTool.ts:2828:26)
      at Object.<anonymous> (__tests__/workflow-capabilities-are-not-columns.test.ts:100:60)

    console.warn
      [WS] broadcast called but liveWssRef is null

    [0m [90m 77 |[39m     console[level] [33m=[39m ([33m...[39margs[33m:[39m any[]) [33m=>[39m {
     [90m 78 |[39m         [36mif[39m ([36mtypeof[39m args[[35m0[39m] [33m===[39m [32m'string'[39m 
[33m&&[39m [33mEXPECTED_AT_IMPORT[39m[33m.[39mtest(args[[35m0[39m])) [36mreturn[39m[33m;[39m
    [31m[1m>[22m[39m[90m 79 |[39m         real([33m...[39margs)[33m;[39m
     [90m    |[39m         [31m[1m^[22m[39m
     [90m 80 |[39m     }[33m;[39m
     [90m 81 |[39m }
     [90m 82 |[39m[0m

      at console.<computed> [as warn] (__tests__/setup.ts:79:9)
      at broadcast (api/ws.ts:594:13)
      at ApiProjectTool.execute (modules/tools/definitions/ApiProjectTool.ts:2828:26)
      at Object.<anonymous> (__tests__/workflow-capabilities-are-not-columns.test.ts:100:60)

    console.warn
      [WS] broadcast called but liveWssRef is null

    [0m [90m 77 |[39m     console[level] [33m=[39m ([33m...[39margs[33m:[39m any[]) [33m=>[39m {
     [90m 78 |[39m         [36mif[39m ([36mtypeof[39m args[[35m0[39m] [33m===[39m [32m'string'[39m 
[33m&&[39m [33mEXPECTED_AT_IMPORT[39m[33m.[39mtest(args[[35m0[39m])) [36mreturn[39m[33m;[39m
    [31m[1m>[22m[39m[90m 79 |[39m         real([33m...[39margs)[33m;[39m
     [90m    |[39m         [31m[1m^[22m[39m
     [90m 80 |[39m     }[33m;[39m
     [90m 81 |[39m }
     [90m 82 |[39m[0m

      at console.<computed> [as warn] (__tests__/setup.ts:79:9)
      at broadcast (api/ws.ts:594:13)
      at ApiProjectTool.execute (modules/tools/definitions/ApiProjectTool.ts:2828:26)
      at Object.<anonymous> (__tests__/workflow-capabilities-are-not-columns.test.ts:100:60)

    console.warn
      [WS] broadcast called but liveWssRef is null

    [0m [90m 77 |[39m     console[level] [33m=[39m ([33m...[39margs[33m:[39m any[]) [33m=>[39m {
     [90m 78 |[39m         [36mif[39m ([36mtypeof[39m args[[35m0[39m] [33m===[39m [32m'string'[39m 
[33m&&[39m [33mEXPECTED_AT_IMPORT[39m[33m.[39mtest(args[[35m0[39m])) [36mreturn[39m[33m;[39m
    [31m[1m>[22m[39m[90m 79 |[39m         real([33m...[39margs)[33m;[39m
     [90m    |[39m         [31m[1m^[22m[39m
     [90m 80 |[39m     }[33m;[39m
     [90m 81 |[39m }
     [90m 82 |[39m[0m

      at console.<computed> [as warn] (__tests__/setup.ts:79:9)
      at broadcast (api/ws.ts:594:13)
      at broadcastTerminalLine (api/ws.ts:703:5)
      at term (modules/tools/definitions/ApiProjectTool.ts:2452:38)
      at ApiProjectTool.execute (modules/tools/definitions/ApiProjectTool.ts:2834:9)
      at Object.<anonymous> (__tests__/workflow-capabilities-are-not-columns.test.ts:100:60)

node:events:487
      throw er; // Unhandled 'error' event
      ^

Error: EPERM: operation not permitted, open 
'D:\Joe\worktrees\codex-nvidia-provider-ui\api\logs\application-2026-09-30-22.log'
Emitted 'error' event at:
    at WriteStream.<anonymous> 
(D:\Joe\xelitesolutions\api\node_modules\file-stream-rotator\FileStreamRotator.js:697:15)
    at WriteStream.emit (node:events:509:28)
    at emitErrorNT (node:internal/streams/destroy:170:8)
    at emitErrorCloseNT (node:internal/streams/destroy:129:3)
    at processTicksAndRejections (node:internal/process/task_queues:90:21) {
  errno: -4048,
  code: 'EPERM',
  syscall: 'open',
  path: 'D:\\Joe\\worktrees\\codex-nvidia-provider-ui\\api\\logs\\application-2026-09-30-22.log'
}

Node.js v24.18.0
PASS src/__tests__/an-edit-that-doubled-a-column.test.ts
PASS src/__tests__/the-panel-was-not-a-record.test.ts
PASS src/__tests__/records-evidence-budget.test.ts (7.024 s)
PASS src/__tests__/a-request-that-names-columns-is-an-app.test.ts
PASS src/__tests__/article-prefixed-record-fields.test.ts
PASS src/__tests__/seven-columns-he-named-beat-the-catalogue.test.ts
PASS src/__tests__/two-named-columns-are-a-table.test.ts
PASS src/__tests__/weather-qa-route.test.ts
PASS src/__tests__/a-column-named-image-is-not-a-question.test.ts (20.668 s)
  ظù Console

    console.info
      [Config] env=test ┬╖ storage=JSON ┬╖ mongo=DEFAULT ظْ mongodb://localhost:27017/joe

      at console.<computed> [as info] (__tests__/setup.ts:79:9)

    console.info
      [ToolRegistry] Registered 163 tools (71 revived).

      at console.<computed> [as info] (__tests__/setup.ts:79:9)

    console.warn
      [ToolRegistry] 21 tool(s) declared no permissions ظ¤ defaulted: business_logic_parserظْread, 
chaos_test_planظْread, compliance_validatorظْread, cloud_cost_estimatorظْread, ambiguity_resolverظْread, 
multi_agent_debateظْread, self_confidence_evaluatorظْread, project_plannerظْread, central_answerظْread, 
web_page_builderظْwrite, form_inboxظْread, echoظْread, shell_check_statusظْread, ask_userظْread, 
json_queryظْread, alert_managerظْwrite, cache_managerظْwrite, monitoringظْread, project_state_managerظْwrite, 
request_analyzerظْread, template_managerظْwrite

    [0m [90m 77 |[39m     console[level] [33m=[39m ([33m...[39margs[33m:[39m any[]) [33m=>[39m {
     [90m 78 |[39m         [36mif[39m ([36mtypeof[39m args[[35m0[39m] [33m===[39m [32m'string'[39m 
[33m&&[39m [33mEXPECTED_AT_IMPORT[39m[33m.[39mtest(args[[35m0[39m])) [36mreturn[39m[33m;[39m
    [31m[1m>[22m[39m[90m 79 |[39m         real([33m...[39margs)[33m;[39m
     [90m    |[39m         [31m[1m^[22m[39m
     [90m 80 |[39m     }[33m;[39m
     [90m 81 |[39m }
     [90m 82 |[39m[0m

      at console.<computed> [as warn] (__tests__/setup.ts:79:9)
      at modules/tools/registry.ts:416:13
      at Object.<anonymous> (modules/tools/registry.ts:422:3)
      at Object.<anonymous> (core/orchestrator/toolCatalog.ts:33:1)
      at Object.<anonymous> (core/orchestrator/PlanningEngine.ts:2:1)
      at Object.<anonymous> (__tests__/a-column-named-image-is-not-a-question.test.ts:35:1)

    console.warn
      [ToolRegistry] 2 tool(s) had no rate limit ظ¤ set to 30/min: central_answer, web_page_builder

    [0m [90m 77 |[39m     console[level] [33m=[39m ([33m...[39margs[33m:[39m any[]) [33m=>[39m {
     [90m 78 |[39m         [36mif[39m ([36mtypeof[39m args[[35m0[39m] [33m===[39m [32m'string'[39m 
[33m&&[39m [33mEXPECTED_AT_IMPORT[39m[33m.[39mtest(args[[35m0[39m])) [36mreturn[39m[33m;[39m
    [31m[1m>[22m[39m[90m 79 |[39m         real([33m...[39margs)[33m;[39m
     [90m    |[39m         [31m[1m^[22m[39m
     [90m 80 |[39m     }[33m;[39m
     [90m 81 |[39m }
     [90m 82 |[39m[0m

      at console.<computed> [as warn] (__tests__/setup.ts:79:9)
      at modules/tools/registry.ts:419:13
      at Object.<anonymous> (modules/tools/registry.ts:422:3)
      at Object.<anonymous> (core/orchestrator/toolCatalog.ts:33:1)
      at Object.<anonymous> (core/orchestrator/PlanningEngine.ts:2:1)
      at Object.<anonymous> (__tests__/a-column-named-image-is-not-a-question.test.ts:35:1)

    console.log
      [PlanningEngine] build scope = system -> evidence-first project_pipeline

      at console.<computed> [as log] (__tests__/setup.ts:79:9)

    console.log
      [PlanningEngine] new page-scope build -> react_project (deterministic engine, no model needed)

      at console.<computed> [as log] (__tests__/setup.ts:79:9)

    console.log
      [PlanningEngine] new page-scope build -> react_project (deterministic engine, no model needed)

      at console.<computed> [as log] (__tests__/setup.ts:79:9)

    console.log
      [PlanningEngine] image-analysis request ظْ direct answer (no tool circus, with or without the file)

      at console.<computed> [as log] (__tests__/setup.ts:79:9)

    console.log
      [PlanningEngine] image-analysis request ظْ direct answer (no tool circus, with or without the file)

      at console.<computed> [as log] (__tests__/setup.ts:79:9)

node:events:487
      throw er; // Unhandled 'error' event
      ^

Error: EPERM: operation not permitted, open 
'D:\Joe\worktrees\codex-nvidia-provider-ui\api\logs\application-2026-09-30-22.log'
Emitted 'error' event at:
    at WriteStream.<anonymous> 
(D:\Joe\xelitesolutions\api\node_modules\file-stream-rotator\FileStreamRotator.js:697:15)
    at WriteStream.emit (node:events:509:28)
    at emitErrorNT (node:internal/streams/destroy:170:8)
    at emitErrorCloseNT (node:internal/streams/destroy:129:3)
    at processTicksAndRejections (node:internal/process/task_queues:90:21) {
  errno: -4048,
  code: 'EPERM',
  syscall: 'open',
  path: 'D:\\Joe\\worktrees\\codex-nvidia-provider-ui\\api\\logs\\application-2026-09-30-22.log'
}

Node.js v24.18.0
PASS src/__tests__/an-edit-adds-a-column-it-does-not-replace-the-table.test.ts (10.701 s)
PASS src/__tests__/the-record-dropped-the-half-that-answers.test.ts
PASS src/__tests__/records-presentation-authoring.test.ts (27.044 s)
  ظù Console

    console.info
      [Config] env=test ┬╖ storage=JSON ┬╖ mongo=DEFAULT ظْ mongodb://localhost:27017/joe

      at console.<computed> [as info] (__tests__/setup.ts:79:9)

    console.warn
      [WS] broadcast called but liveWssRef is null

    [0m [90m 77 |[39m     console[level] [33m=[39m ([33m...[39margs[33m:[39m any[]) [33m=>[39m {
     [90m 78 |[39m         [36mif[39m ([36mtypeof[39m args[[35m0[39m] [33m===[39m [32m'string'[39m 
[33m&&[39m [33mEXPECTED_AT_IMPORT[39m[33m.[39mtest(args[[35m0[39m])) [36mreturn[39m[33m;[39m
    [31m[1m>[22m[39m[90m 79 |[39m         real([33m...[39margs)[33m;[39m
     [90m    |[39m         [31m[1m^[22m[39m
     [90m 80 |[39m     }[33m;[39m
     [90m 81 |[39m }
     [90m 82 |[39m[0m

      at console.<computed> [as warn] (__tests__/setup.ts:79:9)
      at broadcast (api/ws.ts:594:13)
      at ReactProjectTool.execute (modules/tools/definitions/ReactProjectTool.ts:4334:24)
      at Object.<anonymous> (__tests__/records-presentation-authoring.test.ts:26:42)

    console.warn
      [WS] broadcast called but liveWssRef is null

    [0m [90m 77 |[39m     console[level] [33m=[39m ([33m...[39margs[33m:[39m any[]) [33m=>[39m {
     [90m 78 |[39m         [36mif[39m ([36mtypeof[39m args[[35m0[39m] [33m===[39m [32m'string'[39m 
[33m&&[39m [33mEXPECTED_AT_IMPORT[39m[33m.[39mtest(args[[35m0[39m])) [36mreturn[39m[33m;[39m
    [31m[1m>[22m[39m[90m 79 |[39m         real([33m...[39margs)[33m;[39m
     [90m    |[39m         [31m[1m^[22m[39m
     [90m 80 |[39m     }[33m;[39m
     [90m 81 |[39m }
     [90m 82 |[39m[0m

      at console.<computed> [as warn] (__tests__/setup.ts:79:9)
      at broadcast (api/ws.ts:594:13)
      at broadcastTerminalLine (api/ws.ts:703:5)
      at term (modules/tools/definitions/ReactProjectTool.ts:4340:38)
      at ReactProjectTool.execute (modules/tools/definitions/ReactProjectTool.ts:4524:17)
      at Object.<anonymous> (__tests__/records-presentation-authoring.test.ts:26:13)

    console.warn
      [WS] broadcast called but liveWssRef is null

    [0m [90m 77 |[39m     console[level] [33m=[39m ([33m...[39margs[33m:[39m any[]) [33m=>[39m {
     [90m 78 |[39m         [36mif[39m ([36mtypeof[39m args[[35m0[39m] [33m===[39m [32m'string'[39m 
[33m&&[39m [33mEXPECTED_AT_IMPORT[39m[33m.[39mtest(args[[35m0[39m])) [36mreturn[39m[33m;[39m
    [31m[1m>[22m[39m[90m 79 |[39m         real([33m...[39margs)[33m;[39m
     [90m    |[39m         [31m[1m^[22m[39m
     [90m 80 |[39m     }[33m;[39m
     [90m 81 |[39m }
     [90m 82 |[39m[0m

      at console.<computed> [as warn] (__tests__/setup.ts:79:9)
      at broadcast (api/ws.ts:594:13)
      at ReactProjectTool.execute (modules/tools/definitions/ReactProjectTool.ts:4575:22)
      at Object.<anonymous> (__tests__/records-presentation-authoring.test.ts:26:13)

    console.warn
      [WS] broadcast called but liveWssRef is null

    [0m [90m 77 |[39m     console[level] [33m=[39m ([33m...[39margs[33m:[39m any[]) [33m=>[39m {
     [90m 78 |[39m         [36mif[39m ([36mtypeof[39m args[[35m0[39m] [33m===[39m [32m'string'[39m 
[33m&&[39m [33mEXPECTED_AT_IMPORT[39m[33m.[39mtest(args[[35m0[39m])) [36mreturn[39m[33m;[39m
    [31m[1m>[22m[39m[90m 79 |[39m         real([33m...[39margs)[33m;[39m
     [90m    |[39m         [31m[1m^[22m[39m
     [90m 80 |[39m     }[33m;[39m
     [90m 81 |[39m }
     [90m 82 |[39m[0m

      at console.<computed> [as warn] (__tests__/setup.ts:79:9)
      at broadcast (api/ws.ts:594:13)
      at broadcastTerminalLine (api/ws.ts:703:5)
      at term (modules/tools/definitions/ReactProjectTool.ts:4340:38)
      at ReactProjectTool.execute (modules/tools/definitions/ReactProjectTool.ts:4678:9)
      at Object.<anonymous> (__tests__/records-presentation-authoring.test.ts:26:13)

    console.warn
      [WS] broadcast called but liveWssRef is null

    [0m [90m 77 |[39m     console[level] [33m=[39m ([33m...[39margs[33m:[39m any[]) [33m=>[39m {
     [90m 78 |[39m         [36mif[39m ([36mtypeof[39m args[[35m0[39m] [33m===[39m [32m'string'[39m 
[33m&&[39m [33mEXPECTED_AT_IMPORT[39m[33m.[39mtest(args[[35m0[39m])) [36mreturn[39m[33m;[39m
    [31m[1m>[22m[39m[90m 79 |[39m         real([33m...[39margs)[33m;[39m
     [90m    |[39m         [31m[1m^[22m[39m
     [90m 80 |[39m     }[33m;[39m
     [90m 81 |[39m }
     [90m 82 |[39m[0m

      at console.<computed> [as warn] (__tests__/setup.ts:79:9)
      at broadcast (api/ws.ts:594:13)
      at broadcastThinkingDetail (api/ws.ts:725:3)
      at ReactProjectTool.execute (modules/tools/definitions/ReactProjectTool.ts:5075:47)
      at Object.<anonymous> (__tests__/records-presentation-authoring.test.ts:26:13)

    console.warn
      [WS] broadcast called but liveWssRef is null

    [0m [90m 77 |[39m     console[level] [33m=[39m ([33m...[39margs[33m:[39m any[]) [33m=>[39m {
     [90m 78 |[39m         [36mif[39m ([36mtypeof[39m args[[35m0[39m] [33m===[39m [32m'string'[39m 
[33m&&[39m [33mEXPECTED_AT_IMPORT[39m[33m.[39mtest(args[[35m0[39m])) [36mreturn[39m[33m;[39m
    [31m[1m>[22m[39m[90m 79 |[39m         real([33m...[39margs)[33m;[39m
     [90m    |[39m         [31m[1m^[22m[39m
     [90m 80 |[39m     }[33m;[39m
     [90m 81 |[39m }
     [90m 82 |[39m[0m

      at console.<computed> [as warn] (__tests__/setup.ts:79:9)
      at broadcast (api/ws.ts:594:13)
      at broadcastTerminalLine (api/ws.ts:703:5)
      at term (modules/tools/definitions/ReactProjectTool.ts:4340:38)
      at ReactProjectTool.execute (modules/tools/definitions/ReactProjectTool.ts:5582:21)
      at Object.<anonymous> (__tests__/records-presentation-authoring.test.ts:26:13)

    console.warn
      [WS] broadcast called but liveWssRef is null

    [0m [90m 77 |[39m     console[level] [33m=[39m ([33m...[39margs[33m:[39m any[]) [33m=>[39m {
     [90m 78 |[39m         [36mif[39m ([36mtypeof[39m args[[35m0[39m] [33m===[39m [32m'string'[39m 
[33m&&[39m [33mEXPECTED_AT_IMPORT[39m[33m.[39mtest(args[[35m0[39m])) [36mreturn[39m[33m;[39m
    [31m[1m>[22m[39m[90m 79 |[39m         real([33m...[39margs)[33m;[39m
     [90m    |[39m         [31m[1m^[22m[39m
     [90m 80 |[39m     }[33m;[39m
     [90m 81 |[39m }
     [90m 82 |[39m[0m

      at console.<computed> [as warn] (__tests__/setup.ts:79:9)
      at broadcast (api/ws.ts:594:13)
      at broadcastTerminalLine (api/ws.ts:703:5)
      at term (modules/tools/definitions/ReactProjectTool.ts:4340:38)
      at ReactProjectTool.execute (modules/tools/definitions/ReactProjectTool.ts:5682:13)
      at Object.<anonymous> (__tests__/records-presentation-authoring.test.ts:26:13)

    console.warn
      [WS] broadcast called but liveWssRef is null

    [0m [90m 77 |[39m     console[level] [33m=[39m ([33m...[39margs[33m:[39m any[]) [33m=>[39m {
     [90m 78 |[39m         [36mif[39m ([36mtypeof[39m args[[35m0[39m] [33m===[39m [32m'string'[39m 
[33m&&[39m [33mEXPECTED_AT_IMPORT[39m[33m.[39mtest(args[[35m0[39m])) [36mreturn[39m[33m;[39m
    [31m[1m>[22m[39m[90m 79 |[39m         real([33m...[39margs)[33m;[39m
     [90m    |[39m         [31m[1m^[22m[39m
     [90m 80 |[39m     }[33m;[39m
     [90m 81 |[39m }
     [90m 82 |[39m[0m

      at console.<computed> [as warn] (__tests__/setup.ts:79:9)
      at broadcast (api/ws.ts:594:13)
      at ReactProjectTool.execute (modules/tools/definitions/ReactProjectTool.ts:6054:26)
      at Object.<anonymous> (__tests__/records-presentation-authoring.test.ts:26:13)

    console.warn
      [WS] broadcast called but liveWssRef is null

    [0m [90m 77 |[39m     console[level] [33m=[39m ([33m...[39margs[33m:[39m any[]) [33m=>[39m {
     [90m 78 |[39m         [36mif[39m ([36mtypeof[39m args[[35m0[39m] [33m===[39m [32m'string'[39m 
[33m&&[39m [33mEXPECTED_AT_IMPORT[39m[33m.[39mtest(args[[35m0[39m])) [36mreturn[39m[33m;[39m
    [31m[1m>[22m[39m[90m 79 |[39m         real([33m...[39margs)[33m;[39m
     [90m    |[39m         [31m[1m^[22m[39m
     [90m 80 |[39m     }[33m;[39m
     [90m 81 |[39m }
     [90m 82 |[39m[0m

      at console.<computed> [as warn] (__tests__/setup.ts:79:9)
      at broadcast (api/ws.ts:594:13)
      at ReactProjectTool.execute (modules/tools/definitions/ReactProjectTool.ts:6054:26)
      at Object.<anonymous> (__tests__/records-presentation-authoring.test.ts:26:13)

    console.warn
      [WS] broadcast called but liveWssRef is null

    [0m [90m 77 |[39m     console[level] [33m=[39m ([33m...[39margs[33m:[39m any[]) [33m=>[39m {
     [90m 78 |[39m         [36mif[39m ([36mtypeof[39m args[[35m0[39m] [33m===[39m [32m'string'[39m 
[33m&&[39m [33mEXPECTED_AT_IMPORT[39m[33m.[39mtest(args[[35m0[39m])) [36mreturn[39m[33m;[39m
    [31m[1m>[22m[39m[90m 79 |[39m         real([33m...[39margs)[33m;[39m
     [90m    |[39m         [31m[1m^[22m[39m
     [90m 80 |[39m     }[33m;[39m
     [90m 81 |[39m }
     [90m 82 |[39m[0m

      at console.<computed> [as warn] (__tests__/setup.ts:79:9)
      at broadcast (api/ws.ts:594:13)
      at ReactProjectTool.execute (modules/tools/definitions/ReactProjectTool.ts:6054:26)
      at Object.<anonymous> (__tests__/records-presentation-authoring.test.ts:26:13)

    console.warn
      [WS] broadcast called but liveWssRef is null

    [0m [90m 77 |[39m     console[level] [33m=[39m ([33m...[39margs[33m:[39m any[]) [33m=>[39m {
     [90m 78 |[39m         [36mif[39m ([36mtypeof[39m args[[35m0[39m] [33m===[39m [32m'string'[39m 
[33m&&[39m [33mEXPECTED_AT_IMPORT[39m[33m.[39mtest(args[[35m0[39m])) [36mreturn[39m[33m;[39m
    [31m[1m>[22m[39m[90m 79 |[39m         real([33m...[39margs)[33m;[39m
     [90m    |[39m         [31m[1m^[22m[39m
     [90m 80 |[39m     }[33m;[39m
     [90m 81 |[39m }
     [90m 82 |[39m[0m

      at console.<computed> [as warn] (__tests__/setup.ts:79:9)
      at broadcast (api/ws.ts:594:13)
      at ReactProjectTool.execute (modules/tools/definitions/ReactProjectTool.ts:6054:26)
      at Object.<anonymous> (__tests__/records-presentation-authoring.test.ts:26:13)

    console.warn
      [WS] broadcast called but liveWssRef is null

    [0m [90m 77 |[39m     console[level] [33m=[39m ([33m...[39margs[33m:[39m any[]) [33m=>[39m {
     [90m 78 |[39m         [36mif[39m ([36mtypeof[39m args[[35m0[39m] [33m===[39m [32m'string'[39m 
[33m&&[39m [33mEXPECTED_AT_IMPORT[39m[33m.[39mtest(args[[35m0[39m])) [36mreturn[39m[33m;[39m
    [31m[1m>[22m[39m[90m 79 |[39m         real([33m...[39margs)[33m;[39m
     [90m    |[39m         [31m[1m^[22m[39m
     [90m 80 |[39m     }[33m;[39m
     [90m 81 |[39m }
     [90m 82 |[39m[0m

      at console.<computed> [as warn] (__tests__/setup.ts:79:9)
      at broadcast (api/ws.ts:594:13)
      at ReactProjectTool.execute (modules/tools/definitions/ReactProjectTool.ts:6054:26)
      at Object.<anonymous> (__tests__/records-presentation-authoring.test.ts:26:13)

    console.warn
      [WS] broadcast called but liveWssRef is null

    [0m [90m 77 |[39m     console[level] [33m=[39m ([33m...[39margs[33m:[39m any[]) [33m=>[39m {
     [90m 78 |[39m         [36mif[39m ([36mtypeof[39m args[[35m0[39m] [33m===[39m [32m'string'[39m 
[33m&&[39m [33mEXPECTED_AT_IMPORT[39m[33m.[39mtest(args[[35m0[39m])) [36mreturn[39m[33m;[39m
    [31m[1m>[22m[39m[90m 79 |[39m         real([33m...[39margs)[33m;[39m
     [90m    |[39m         [31m[1m^[22m[39m
     [90m 80 |[39m     }[33m;[39m
     [90m 81 |[39m }
     [90m 82 |[39m[0m

      at console.<computed> [as warn] (__tests__/setup.ts:79:9)
      at broadcast (api/ws.ts:594:13)
      at ReactProjectTool.execute (modules/tools/definitions/ReactProjectTool.ts:6054:26)
      at Object.<anonymous> (__tests__/records-presentation-authoring.test.ts:26:13)

    console.warn
      [WS] broadcast called but liveWssRef is null

    [0m [90m 77 |[39m     console[level] [33m=[39m ([33m...[39margs[33m:[39m any[]) [33m=>[39m {
     [90m 78 |[39m         [36mif[39m ([36mtypeof[39m args[[35m0[39m] [33m===[39m [32m'string'[39m 
[33m&&[39m [33mEXPECTED_AT_IMPORT[39m[33m.[39mtest(args[[35m0[39m])) [36mreturn[39m[33m;[39m
    [31m[1m>[22m[39m[90m 79 |[39m         real([33m...[39margs)[33m;[39m
     [90m    |[39m         [31m[1m^[22m[39m
     [90m 80 |[39m     }[33m;[39m
     [90m 81 |[39m }
     [90m 82 |[39m[0m

      at console.<computed> [as warn] (__tests__/setup.ts:79:9)
      at broadcast (api/ws.ts:594:13)
      at ReactProjectTool.execute (modules/tools/definitions/ReactProjectTool.ts:6054:26)
      at Object.<anonymous> (__tests__/records-presentation-authoring.test.ts:26:13)

    console.warn
      [WS] broadcast called but liveWssRef is null

    [0m [90m 77 |[39m     console[level] [33m=[39m ([33m...[39margs[33m:[39m any[]) [33m=>[39m {
     [90m 78 |[39m         [36mif[39m ([36mtypeof[39m args[[35m0[39m] [33m===[39m [32m'string'[39m 
[33m&&[39m [33mEXPECTED_AT_IMPORT[39m[33m.[39mtest(args[[35m0[39m])) [36mreturn[39m[33m;[39m
    [31m[1m>[22m[39m[90m 79 |[39m         real([33m...[39margs)[33m;[39m
     [90m    |[39m         [31m[1m^[22m[39m
     [90m 80 |[39m     }[33m;[39m
     [90m 81 |[39m }
     [90m 82 |[39m[0m

      at console.<computed> [as warn] (__tests__/setup.ts:79:9)
      at broadcast (api/ws.ts:594:13)
      at ReactProjectTool.execute (modules/tools/definitions/ReactProjectTool.ts:6054:26)
      at Object.<anonymous> (__tests__/records-presentation-authoring.test.ts:26:13)

    console.warn
      [WS] broadcast called but liveWssRef is null

    [0m [90m 77 |[39m     console[level] [33m=[39m ([33m...[39margs[33m:[39m any[]) [33m=>[39m {
     [90m 78 |[39m         [36mif[39m ([36mtypeof[39m args[[35m0[39m] [33m===[39m [32m'string'[39m 
[33m&&[39m [33mEXPECTED_AT_IMPORT[39m[33m.[39mtest(args[[35m0[39m])) [36mreturn[39m[33m;[39m
    [31m[1m>[22m[39m[90m 79 |[39m         real([33m...[39margs)[33m;[39m
     [90m    |[39m         [31m[1m^[22m[39m
     [90m 80 |[39m     }[33m;[39m
     [90m 81 |[39m }
     [90m 82 |[39m[0m

      at console.<computed> [as warn] (__tests__/setup.ts:79:9)
      at broadcast (api/ws.ts:594:13)
      at ReactProjectTool.execute (modules/tools/definitions/ReactProjectTool.ts:6054:26)
      at Object.<anonymous> (__tests__/records-presentation-authoring.test.ts:26:13)

    console.warn
      [WS] broadcast called but liveWssRef is null

    [0m [90m 77 |[39m     console[level] [33m=[39m ([33m...[39margs[33m:[39m any[]) [33m=>[39m {
     [90m 78 |[39m         [36mif[39m ([36mtypeof[39m args[[35m0[39m] [33m===[39m [32m'string'[39m 
[33m&&[39m [33mEXPECTED_AT_IMPORT[39m[33m.[39mtest(args[[35m0[39m])) [36mreturn[39m[33m;[39m
    [31m[1m>[22m[39m[90m 79 |[39m         real([33m...[39margs)[33m;[39m
     [90m    |[39m         [31m[1m^[22m[39m
     [90m 80 |[39m     }[33m;[39m
     [90m 81 |[39m }
     [90m 82 |[39m[0m

      at console.<computed> [as warn] (__tests__/setup.ts:79:9)
      at broadcast (api/ws.ts:594:13)
      at ReactProjectTool.execute (modules/tools/definitions/ReactProjectTool.ts:6054:26)
      at Object.<anonymous> (__tests__/records-presentation-authoring.test.ts:26:13)

    console.warn
      [WS] broadcast called but liveWssRef is null

    [0m [90m 77 |[39m     console[level] [33m=[39m ([33m...[39margs[33m:[39m any[]) [33m=>[39m {
     [90m 78 |[39m         [36mif[39m ([36mtypeof[39m args[[35m0[39m] [33m===[39m [32m'string'[39m 
[33m&&[39m [33mEXPECTED_AT_IMPORT[39m[33m.[39mtest(args[[35m0[39m])) [36mreturn[39m[33m;[39m
    [31m[1m>[22m[39m[90m 79 |[39m         real([33m...[39margs)[33m;[39m
     [90m    |[39m         [31m[1m^[22m[39m
     [90m 80 |[39m     }[33m;[39m
     [90m 81 |[39m }
     [90m 82 |[39m[0m

      at console.<computed> [as warn] (__tests__/setup.ts:79:9)
      at broadcast (api/ws.ts:594:13)
      at ReactProjectTool.execute (modules/tools/definitions/ReactProjectTool.ts:6054:26)
      at Object.<anonymous> (__tests__/records-presentation-authoring.test.ts:26:13)

    console.warn
      [WS] broadcast called but liveWssRef is null

    [0m [90m 77 |[39m     console[level] [33m=[39m ([33m...[39margs[33m:[39m any[]) [33m=>[39m {
     [90m 78 |[39m         [36mif[39m ([36mtypeof[39m args[[35m0[39m] [33m===[39m [32m'string'[39m 
[33m&&[39m [33mEXPECTED_AT_IMPORT[39m[33m.[39mtest(args[[35m0[39m])) [36mreturn[39m[33m;[39m
    [31m[1m>[22m[39m[90m 79 |[39m         real([33m...[39margs)[33m;[39m
     [90m    |[39m         [31m[1m^[22m[39m
     [90m 80 |[39m     }[33m;[39m
     [90m 81 |[39m }
     [90m 82 |[39m[0m

      at console.<computed> [as warn] (__tests__/setup.ts:79:9)
      at broadcast (api/ws.ts:594:13)
      at ReactProjectTool.execute (modules/tools/definitions/ReactProjectTool.ts:6054:26)
      at Object.<anonymous> (__tests__/records-presentation-authoring.test.ts:26:13)

    console.warn
      [WS] broadcast called but liveWssRef is null

    [0m [90m 77 |[39m     console[level] [33m=[39m ([33m...[39margs[33m:[39m any[]) [33m=>[39m {
     [90m 78 |[39m         [36mif[39m ([36mtypeof[39m args[[35m0[39m] [33m===[39m [32m'string'[39m 
[33m&&[39m [33mEXPECTED_AT_IMPORT[39m[33m.[39mtest(args[[35m0[39m])) [36mreturn[39m[33m;[39m
    [31m[1m>[22m[39m[90m 79 |[39m         real([33m...[39margs)[33m;[39m
     [90m    |[39m         [31m[1m^[22m[39m
     [90m 80 |[39m     }[33m;[39m
     [90m 81 |[39m }
     [90m 82 |[39m[0m

      at console.<computed> [as warn] (__tests__/setup.ts:79:9)
      at broadcast (api/ws.ts:594:13)
      at ReactProjectTool.execute (modules/tools/definitions/ReactProjectTool.ts:6054:26)
      at Object.<anonymous> (__tests__/records-presentation-authoring.test.ts:26:13)

    console.warn
      [WS] broadcast called but liveWssRef is null

    [0m [90m 77 |[39m     console[level] [33m=[39m ([33m...[39margs[33m:[39m any[]) [33m=>[39m {
     [90m 78 |[39m         [36mif[39m ([36mtypeof[39m args[[35m0[39m] [33m===[39m [32m'string'[39m 
[33m&&[39m [33mEXPECTED_AT_IMPORT[39m[33m.[39mtest(args[[35m0[39m])) [36mreturn[39m[33m;[39m
    [31m[1m>[22m[39m[90m 79 |[39m         real([33m...[39margs)[33m;[39m
     [90m    |[39m         [31m[1m^[22m[39m
     [90m 80 |[39m     }[33m;[39m
     [90m 81 |[39m }
     [90m 82 |[39m[0m

      at console.<computed> [as warn] (__tests__/setup.ts:79:9)
      at broadcast (api/ws.ts:594:13)
      at ReactProjectTool.execute (modules/tools/definitions/ReactProjectTool.ts:6054:26)
      at Object.<anonymous> (__tests__/records-presentation-authoring.test.ts:26:13)

    console.warn
      [WS] broadcast called but liveWssRef is null

    [0m [90m 77 |[39m     console[level] [33m=[39m ([33m...[39margs[33m:[39m any[]) [33m=>[39m {
     [90m 78 |[39m         [36mif[39m ([36mtypeof[39m args[[35m0[39m] [33m===[39m [32m'string'[39m 
[33m&&[39m [33mEXPECTED_AT_IMPORT[39m[33m.[39mtest(args[[35m0[39m])) [36mreturn[39m[33m;[39m
    [31m[1m>[22m[39m[90m 79 |[39m         real([33m...[39margs)[33m;[39m
     [90m    |[39m         [31m[1m^[22m[39m
     [90m 80 |[39m     }[33m;[39m
     [90m 81 |[39m }
     [90m 82 |[39m[0m

      at console.<computed> [as warn] (__tests__/setup.ts:79:9)
      at broadcast (api/ws.ts:594:13)
      at broadcastTerminalLine (api/ws.ts:703:5)
      at term (modules/tools/definitions/ReactProjectTool.ts:4340:38)
      at ReactProjectTool.execute (modules/tools/definitions/ReactProjectTool.ts:6259:13)
      at Object.<anonymous> (__tests__/records-presentation-authoring.test.ts:26:13)

    console.warn
      [WS] broadcast called but liveWssRef is null

    [0m [90m 77 |[39m     console[level] [33m=[39m ([33m...[39margs[33m:[39m any[]) [33m=>[39m {
     [90m 78 |[39m         [36mif[39m ([36mtypeof[39m args[[35m0[39m] [33m===[39m [32m'string'[39m 
[33m&&[39m [33mEXPECTED_AT_IMPORT[39m[33m.[39mtest(args[[35m0[39m])) [36mreturn[39m[33m;[39m
    [31m[1m>[22m[39m[90m 79 |[39m         real([33m...[39margs)[33m;[39m
     [90m    |[39m         [31m[1m^[22m[39m
     [90m 80 |[39m     }[33m;[39m
     [90m 81 |[39m }
     [90m 82 |[39m[0m

      at console.<computed> [as warn] (__tests__/setup.ts:79:9)
      at broadcast (api/ws.ts:594:13)
      at broadcastTerminalLine (api/ws.ts:703:5)
      at term (modules/tools/definitions/ReactProjectTool.ts:4340:38)
      at ReactProjectTool.execute (modules/tools/definitions/ReactProjectTool.ts:6336:21)
      at Object.<anonymous> (__tests__/records-presentation-authoring.test.ts:26:13)

    console.warn
      [WS] broadcast called but liveWssRef is null

    [0m [90m 77 |[39m     console[level] [33m=[39m ([33m...[39margs[33m:[39m any[]) [33m=>[39m {
     [90m 78 |[39m         [36mif[39m ([36mtypeof[39m args[[35m0[39m] [33m===[39m [32m'string'[39m 
[33m&&[39m [33mEXPECTED_AT_IMPORT[39m[33m.[39mtest(args[[35m0[39m])) [36mreturn[39m[33m;[39m
    [31m[1m>[22m[39m[90m 79 |[39m         real([33m...[39margs)[33m;[39m
     [90m    |[39m         [31m[1m^[22m[39m
     [90m 80 |[39m     }[33m;[39m
     [90m 81 |[39m }
     [90m 82 |[39m[0m

      at console.<computed> [as warn] (__tests__/setup.ts:79:9)
      at broadcast (api/ws.ts:594:13)
      at ReactProjectTool.execute (modules/tools/definitions/ReactProjectTool.ts:4334:24)
      at __tests__/records-presentation-authoring.test.ts:52:62

    console.warn
      [WS] broadcast called but liveWssRef is null

    [0m [90m 77 |[39m     console[level] [33m=[39m ([33m...[39margs[33m:[39m any[]) [33m=>[39m {
     [90m 78 |[39m         [36mif[39m ([36mtypeof[39m args[[35m0[39m] [33m===[39m [32m'string'[39m 
[33m&&[39m [33mEXPECTED_AT_IMPORT[39m[33m.[39mtest(args[[35m0[39m])) [36mreturn[39m[33m;[39m
    [31m[1m>[22m[39m[90m 79 |[39m         real([33m...[39margs)[33m;[39m
     [90m    |[39m         [31m[1m^[22m[39m
     [90m 80 |[39m     }[33m;[39m
     [90m 81 |[39m }
     [90m 82 |[39m[0m

      at console.<computed> [as warn] (__tests__/setup.ts:79:9)
      at broadcast (api/ws.ts:594:13)
      at broadcastTerminalLine (api/ws.ts:703:5)
      at term (modules/tools/definitions/ReactProjectTool.ts:4340:38)
      at ReactProjectTool.execute (modules/tools/definitions/ReactProjectTool.ts:4498:13)
      at __tests__/records-presentation-authoring.test.ts:52:62

    console.warn
      [WS] broadcast called but liveWssRef is null

    [0m [90m 77 |[39m     console[level] [33m=[39m ([33m...[39margs[33m:[39m any[]) [33m=>[39m {
     [90m 78 |[39m         [36mif[39m ([36mtypeof[39m args[[35m0[39m] [33m===[39m [32m'string'[39m 
[33m&&[39m [33mEXPECTED_AT_IMPORT[39m[33m.[39mtest(args[[35m0[39m])) [36mreturn[39m[33m;[39m
    [31m[1m>[22m[39m[90m 79 |[39m         real([33m...[39margs)[33m;[39m
     [90m    |[39m         [31m[1m^[22m[39m
     [90m 80 |[39m     }[33m;[39m
     [90m 81 |[39m }
     [90m 82 |[39m[0m

      at console.<computed> [as warn] (__tests__/setup.ts:79:9)
      at broadcast (api/ws.ts:594:13)
      at ReactProjectTool.execute (modules/tools/definitions/ReactProjectTool.ts:4575:22)
      at __tests__/records-presentation-authoring.test.ts:52:62

    console.warn
      [WS] broadcast called but liveWssRef is null

    [0m [90m 77 |[39m     console[level] [33m=[39m ([33m...[39margs[33m:[39m any[]) [33m=>[39m {
     [90m 78 |[39m         [36mif[39m ([36mtypeof[39m args[[35m0[39m] [33m===[39m [32m'string'[39m 
[33m&&[39m [33mEXPECTED_AT_IMPORT[39m[33m.[39mtest(args[[35m0[39m])) [36mreturn[39m[33m;[39m
    [31m[1m>[22m[39m[90m 79 |[39m         real([33m...[39margs)[33m;[39m
     [90m    |[39m         [31m[1m^[22m[39m
     [90m 80 |[39m     }[33m;[39m
     [90m 81 |[39m }
     [90m 82 |[39m[0m

      at console.<computed> [as warn] (__tests__/setup.ts:79:9)
      at broadcast (api/ws.ts:594:13)
      at broadcastTerminalLine (api/ws.ts:703:5)
      at term (modules/tools/definitions/ReactProjectTool.ts:4340:38)
      at ReactProjectTool.execute (modules/tools/definitions/ReactProjectTool.ts:4678:9)
      at __tests__/records-presentation-authoring.test.ts:52:62

    console.warn
      [WS] broadcast called but liveWssRef is null

    [0m [90m 77 |[39m     console[level] [33m=[39m ([33m...[39margs[33m:[39m any[]) [33m=>[39m {
     [90m 78 |[39m         [36mif[39m ([36mtypeof[39m args[[35m0[39m] [33m===[39m [32m'string'[39m 
[33m&&[39m [33mEXPECTED_AT_IMPORT[39m[33m.[39mtest(args[[35m0[39m])) [36mreturn[39m[33m;[39m
    [31m[1m>[22m[39m[90m 79 |[39m         real([33m...[39margs)[33m;[39m
     [90m    |[39m         [31m[1m^[22m[39m
     [90m 80 |[39m     }[33m;[39m
     [90m 81 |[39m }
     [90m 82 |[39m[0m

      at console.<computed> [as warn] (__tests__/setup.ts:79:9)
      at broadcast (api/ws.ts:594:13)
      at broadcastThinkingDetail (api/ws.ts:725:3)
      at ReactProjectTool.execute (modules/tools/definitions/ReactProjectTool.ts:5075:47)
      at __tests__/records-presentation-authoring.test.ts:52:62

    console.warn
      [WS] broadcast called but liveWssRef is null

    [0m [90m 77 |[39m     console[level] [33m=[39m ([33m...[39margs[33m:[39m any[]) [33m=>[39m {
     [90m 78 |[39m         [36mif[39m ([36mtypeof[39m args[[35m0[39m] [33m===[39m [32m'string'[39m 
[33m&&[39m [33mEXPECTED_AT_IMPORT[39m[33m.[39mtest(args[[35m0[39m])) [36mreturn[39m[33m;[39m
    [31m[1m>[22m[39m[90m 79 |[39m         real([33m...[39margs)[33m;[39m
     [90m    |[39m         [31m[1m^[22m[39m
     [90m 80 |[39m     }[33m;[39m
     [90m 81 |[39m }
     [90m 82 |[39m[0m

      at console.<computed> [as warn] (__tests__/setup.ts:79:9)
      at broadcast (api/ws.ts:594:13)
      at broadcastTerminalLine (api/ws.ts:703:5)
      at term (modules/tools/definitions/ReactProjectTool.ts:4340:38)
      at ReactProjectTool.execute (modules/tools/definitions/ReactProjectTool.ts:5682:13)
      at __tests__/records-presentation-authoring.test.ts:52:62

    console.warn
      [WS] broadcast called but liveWssRef is null

    [0m [90m 77 |[39m     console[level] [33m=[39m ([33m...[39margs[33m:[39m any[]) [33m=>[39m {
     [90m 78 |[39m         [36mif[39m ([36mtypeof[39m args[[35m0[39m] [33m===[39m [32m'string'[39m 
[33m&&[39m [33mEXPECTED_AT_IMPORT[39m[33m.[39mtest(args[[35m0[39m])) [36mreturn[39m[33m;[39m
    [31m[1m>[22m[39m[90m 79 |[39m         real([33m...[39margs)[33m;[39m
     [90m    |[39m         [31m[1m^[22m[39m
     [90m 80 |[39m     }[33m;[39m
     [90m 81 |[39m }
     [90m 82 |[39m[0m

      at console.<computed> [as warn] (__tests__/setup.ts:79:9)
      at broadcast (api/ws.ts:594:13)
      at ReactProjectTool.execute (modules/tools/definitions/ReactProjectTool.ts:6054:26)
      at __tests__/records-presentation-authoring.test.ts:52:62

    console.warn
      [WS] broadcast called but liveWssRef is null

    [0m [90m 77 |[39m     console[level] [33m=[39m ([33m...[39margs[33m:[39m any[]) [33m=>[39m {
     [90m 78 |[39m         [36mif[39m ([36mtypeof[39m args[[35m0[39m] [33m===[39m [32m'string'[39m 
[33m&&[39m [33mEXPECTED_AT_IMPORT[39m[33m.[39mtest(args[[35m0[39m])) [36mreturn[39m[33m;[39m
    [31m[1m>[22m[39m[90m 79 |[39m         real([33m...[39margs)[33m;[39m
     [90m    |[39m         [31m[1m^[22m[39m
     [90m 80 |[39m     }[33m;[39m
     [90m 81 |[39m }
     [90m 82 |[39m[0m

      at console.<computed> [as warn] (__tests__/setup.ts:79:9)
      at broadcast (api/ws.ts:594:13)
      at ReactProjectTool.execute (modules/tools/definitions/ReactProjectTool.ts:6054:26)
      at __tests__/records-presentation-authoring.test.ts:52:62

    console.warn
      [WS] broadcast called but liveWssRef is null

    [0m [90m 77 |[39m     console[level] [33m=[39m ([33m...[39margs[33m:[39m any[]) [33m=>[39m {
     [90m 78 |[39m         [36mif[39m ([36mtypeof[39m args[[35m0[39m] [33m===[39m [32m'string'[39m 
[33m&&[39m [33mEXPECTED_AT_IMPORT[39m[33m.[39mtest(args[[35m0[39m])) [36mreturn[39m[33m;[39m
    [31m[1m>[22m[39m[90m 79 |[39m         real([33m...[39margs)[33m;[39m
     [90m    |[39m         [31m[1m^[22m[39m
     [90m 80 |[39m     }[33m;[39m
     [90m 81 |[39m }
     [90m 82 |[39m[0m

      at console.<computed> [as warn] (__tests__/setup.ts:79:9)
      at broadcast (api/ws.ts:594:13)
      at ReactProjectTool.execute (modules/tools/definitions/ReactProjectTool.ts:6054:26)
      at __tests__/records-presentation-authoring.test.ts:52:62

    console.warn
      [WS] broadcast called but liveWssRef is null

    [0m [90m 77 |[39m     console[level] [33m=[39m ([33m...[39margs[33m:[39m any[]) [33m=>[39m {
     [90m 78 |[39m         [36mif[39m ([36mtypeof[39m args[[35m0[39m] [33m===[39m [32m'string'[39m 
[33m&&[39m [33mEXPECTED_AT_IMPORT[39m[33m.[39mtest(args[[35m0[39m])) [36mreturn[39m[33m;[39m
    [31m[1m>[22m[39m[90m 79 |[39m         real([33m...[39margs)[33m;[39m
     [90m    |[39m         [31m[1m^[22m[39m
     [90m 80 |[39m     }[33m;[39m
     [90m 81 |[39m }
     [90m 82 |[39m[0m

      at console.<computed> [as warn] (__tests__/setup.ts:79:9)
      at broadcast (api/ws.ts:594:13)
      at ReactProjectTool.execute (modules/tools/definitions/ReactProjectTool.ts:6054:26)
      at __tests__/records-presentation-authoring.test.ts:52:62

    console.warn
      [WS] broadcast called but liveWssRef is null

    [0m [90m 77 |[39m     console[level] [33m=[39m ([33m...[39margs[33m:[39m any[]) [33m=>[39m {
     [90m 78 |[39m         [36mif[39m ([36mtypeof[39m args[[35m0[39m] [33m===[39m [32m'string'[39m 
[33m&&[39m [33mEXPECTED_AT_IMPORT[39m[33m.[39mtest(args[[35m0[39m])) [36mreturn[39m[33m;[39m
    [31m[1m>[22m[39m[90m 79 |[39m         real([33m...[39margs)[33m;[39m
     [90m    |[39m         [31m[1m^[22m[39m
     [90m 80 |[39m     }[33m;[39m
     [90m 81 |[39m }
     [90m 82 |[39m[0m

      at console.<computed> [as warn] (__tests__/setup.ts:79:9)
      at broadcast (api/ws.ts:594:13)
      at ReactProjectTool.execute (modules/tools/definitions/ReactProjectTool.ts:6054:26)
      at __tests__/records-presentation-authoring.test.ts:52:62

    console.warn
      [WS] broadcast called but liveWssRef is null

    [0m [90m 77 |[39m     console[level] [33m=[39m ([33m...[39margs[33m:[39m any[]) [33m=>[39m {
     [90m 78 |[39m         [36mif[39m ([36mtypeof[39m args[[35m0[39m] [33m===[39m [32m'string'[39m 
[33m&&[39m [33mEXPECTED_AT_IMPORT[39m[33m.[39mtest(args[[35m0[39m])) [36mreturn[39m[33m;[39m
    [31m[1m>[22m[39m[90m 79 |[39m         real([33m...[39margs)[33m;[39m
     [90m    |[39m         [31m[1m^[22m[39m
     [90m 80 |[39m     }[33m;[39m
     [90m 81 |[39m }
     [90m 82 |[39m[0m

      at console.<computed> [as warn] (__tests__/setup.ts:79:9)
      at broadcast (api/ws.ts:594:13)
      at ReactProjectTool.execute (modules/tools/definitions/ReactProjectTool.ts:6054:26)
      at __tests__/records-presentation-authoring.test.ts:52:62

    console.warn
      [WS] broadcast called but liveWssRef is null

    [0m [90m 77 |[39m     console[level] [33m=[39m ([33m...[39margs[33m:[39m any[]) [33m=>[39m {
     [90m 78 |[39m         [36mif[39m ([36mtypeof[39m args[[35m0[39m] [33m===[39m [32m'string'[39m 
[33m&&[39m [33mEXPECTED_AT_IMPORT[39m[33m.[39mtest(args[[35m0[39m])) [36mreturn[39m[33m;[39m
    [31m[1m>[22m[39m[90m 79 |[39m         real([33m...[39margs)[33m;[39m
     [90m    |[39m         [31m[1m^[22m[39m
     [90m 80 |[39m     }[33m;[39m
     [90m 81 |[39m }
     [90m 82 |[39m[0m

      at console.<computed> [as warn] (__tests__/setup.ts:79:9)
      at broadcast (api/ws.ts:594:13)
      at ReactProjectTool.execute (modules/tools/definitions/ReactProjectTool.ts:6054:26)
      at __tests__/records-presentation-authoring.test.ts:52:62

    console.warn
      [WS] broadcast called but liveWssRef is null

    [0m [90m 77 |[39m     console[level] [33m=[39m ([33m...[39margs[33m:[39m any[]) [33m=>[39m {
     [90m 78 |[39m         [36mif[39m ([36mtypeof[39m args[[35m0[39m] [33m===[39m [32m'string'[39m 
[33m&&[39m [33mEXPECTED_AT_IMPORT[39m[33m.[39mtest(args[[35m0[39m])) [36mreturn[39m[33m;[39m
    [31m[1m>[22m[39m[90m 79 |[39m         real([33m...[39margs)[33m;[39m
     [90m    |[39m         [31m[1m^[22m[39m
     [90m 80 |[39m     }[33m;[39m
     [90m 81 |[39m }
     [90m 82 |[39m[0m

      at console.<computed> [as warn] (__tests__/setup.ts:79:9)
      at broadcast (api/ws.ts:594:13)
      at ReactProjectTool.execute (modules/tools/definitions/ReactProjectTool.ts:6054:26)
      at __tests__/records-presentation-authoring.test.ts:52:62

    console.warn
      [WS] broadcast called but liveWssRef is null

    [0m [90m 77 |[39m     console[level] [33m=[39m ([33m...[39margs[33m:[39m any[]) [33m=>[39m {
     [90m 78 |[39m         [36mif[39m ([36mtypeof[39m args[[35m0[39m] [33m===[39m [32m'string'[39m 
[33m&&[39m [33mEXPECTED_AT_IMPORT[39m[33m.[39mtest(args[[35m0[39m])) [36mreturn[39m[33m;[39m
    [31m[1m>[22m[39m[90m 79 |[39m         real([33m...[39margs)[33m;[39m
     [90m    |[39m         [31m[1m^[22m[39m
     [90m 80 |[39m     }[33m;[39m
     [90m 81 |[39m }
     [90m 82 |[39m[0m

      at console.<computed> [as warn] (__tests__/setup.ts:79:9)
      at broadcast (api/ws.ts:594:13)
      at ReactProjectTool.execute (modules/tools/definitions/ReactProjectTool.ts:6054:26)
      at __tests__/records-presentation-authoring.test.ts:52:62

    console.warn
      [WS] broadcast called but liveWssRef is null

    [0m [90m 77 |[39m     console[level] [33m=[39m ([33m...[39margs[33m:[39m any[]) [33m=>[39m {
     [90m 78 |[39m         [36mif[39m ([36mtypeof[39m args[[35m0[39m] [33m===[39m [32m'string'[39m 
[33m&&[39m [33mEXPECTED_AT_IMPORT[39m[33m.[39mtest(args[[35m0[39m])) [36mreturn[39m[33m;[39m
    [31m[1m>[22m[39m[90m 79 |[39m         real([33m...[39margs)[33m;[39m
     [90m    |[39m         [31m[1m^[22m[39m
     [90m 80 |[39m     }[33m;[39m
     [90m 81 |[39m }
     [90m 82 |[39m[0m

      at console.<computed> [as warn] (__tests__/setup.ts:79:9)
      at broadcast (api/ws.ts:594:13)
      at ReactProjectTool.execute (modules/tools/definitions/ReactProjectTool.ts:6054:26)
      at __tests__/records-presentation-authoring.test.ts:52:62

    console.warn
      [WS] broadcast called but liveWssRef is null

    [0m [90m 77 |[39m     console[level] [33m=[39m ([33m...[39margs[33m:[39m any[]) [33m=>[39m {
     [90m 78 |[39m         [36mif[39m ([36mtypeof[39m args[[35m0[39m] [33m===[39m [32m'string'[39m 
[33m&&[39m [33mEXPECTED_AT_IMPORT[39m[33m.[39mtest(args[[35m0[39m])) [36mreturn[39m[33m;[39m
    [31m[1m>[22m[39m[90m 79 |[39m         real([33m...[39margs)[33m;[39m
     [90m    |[39m         [31m[1m^[22m[39m
     [90m 80 |[39m     }[33m;[39m
     [90m 81 |[39m }
     [90m 82 |[39m[0m

      at console.<computed> [as warn] (__tests__/setup.ts:79:9)
      at broadcast (api/ws.ts:594:13)
      at ReactProjectTool.execute (modules/tools/definitions/ReactProjectTool.ts:6054:26)
      at __tests__/records-presentation-authoring.test.ts:52:62

    console.warn
      [WS] broadcast called but liveWssRef is null

    [0m [90m 77 |[39m     console[level] [33m=[39m ([33m...[39margs[33m:[39m any[]) [33m=>[39m {
     [90m 78 |[39m         [36mif[39m ([36mtypeof[39m args[[35m0[39m] [33m===[39m [32m'string'[39m 
[33m&&[39m [33mEXPECTED_AT_IMPORT[39m[33m.[39mtest(args[[35m0[39m])) [36mreturn[39m[33m;[39m
    [31m[1m>[22m[39m[90m 79 |[39m         real([33m...[39margs)[33m;[39m
     [90m    |[39m         [31m[1m^[22m[39m
     [90m 80 |[39m     }[33m;[39m
     [90m 81 |[39m }
     [90m 82 |[39m[0m

      at console.<computed> [as warn] (__tests__/setup.ts:79:9)
      at broadcast (api/ws.ts:594:13)
      at ReactProjectTool.execute (modules/tools/definitions/ReactProjectTool.ts:6054:26)
      at __tests__/records-presentation-authoring.test.ts:52:62

    console.warn
      [WS] broadcast called but liveWssRef is null

    [0m [90m 77 |[39m     console[level] [33m=[39m ([33m...[39margs[33m:[39m any[]) [33m=>[39m {
     [90m 78 |[39m         [36mif[39m ([36mtypeof[39m args[[35m0[39m] [33m===[39m [32m'string'[39m 
[33m&&[39m [33mEXPECTED_AT_IMPORT[39m[33m.[39mtest(args[[35m0[39m])) [36mreturn[39m[33m;[39m
    [31m[1m>[22m[39m[90m 79 |[39m         real([33m...[39margs)[33m;[39m
     [90m    |[39m         [31m[1m^[22m[39m
     [90m 80 |[39m     }[33m;[39m
     [90m 81 |[39m }
     [90m 82 |[39m[0m

      at console.<computed> [as warn] (__tests__/setup.ts:79:9)
      at broadcast (api/ws.ts:594:13)
      at ReactProjectTool.execute (modules/tools/definitions/ReactProjectTool.ts:6054:26)
      at __tests__/records-presentation-authoring.test.ts:52:62

    console.warn
      [WS] broadcast called but liveWssRef is null

    [0m [90m 77 |[39m     console[level] [33m=[39m ([33m...[39margs[33m:[39m any[]) [33m=>[39m {
     [90m 78 |[39m         [36mif[39m ([36mtypeof[39m args[[35m0[39m] [33m===[39m [32m'string'[39m 
[33m&&[39m [33mEXPECTED_AT_IMPORT[39m[33m.[39mtest(args[[35m0[39m])) [36mreturn[39m[33m;[39m
    [31m[1m>[22m[39m[90m 79 |[39m         real([33m...[39margs)[33m;[39m
     [90m    |[39m         [31m[1m^[22m[39m
     [90m 80 |[39m     }[33m;[39m
     [90m 81 |[39m }
     [90m 82 |[39m[0m

      at console.<computed> [as warn] (__tests__/setup.ts:79:9)
      at broadcast (api/ws.ts:594:13)
      at ReactProjectTool.execute (modules/tools/definitions/ReactProjectTool.ts:6054:26)
      at __tests__/records-presentation-authoring.test.ts:52:62

    console.warn
      [WS] broadcast called but liveWssRef is null

    [0m [90m 77 |[39m     console[level] [33m=[39m ([33m...[39margs[33m:[39m any[]) [33m=>[39m {
     [90m 78 |[39m         [36mif[39m ([36mtypeof[39m args[[35m0[39m] [33m===[39m [32m'string'[39m 
[33m&&[39m [33mEXPECTED_AT_IMPORT[39m[33m.[39mtest(args[[35m0[39m])) [36mreturn[39m[33m;[39m
    [31m[1m>[22m[39m[90m 79 |[39m         real([33m...[39margs)[33m;[39m
     [90m    |[39m         [31m[1m^[22m[39m
     [90m 80 |[39m     }[33m;[39m
     [90m 81 |[39m }
     [90m 82 |[39m[0m

      at console.<computed> [as warn] (__tests__/setup.ts:79:9)
      at broadcast (api/ws.ts:594:13)
      at broadcastTerminalLine (api/ws.ts:703:5)
      at term (modules/tools/definitions/ReactProjectTool.ts:4340:38)
      at ReactProjectTool.execute (modules/tools/definitions/ReactProjectTool.ts:6259:13)
      at __tests__/records-presentation-authoring.test.ts:52:62

    console.warn
      [WS] broadcast called but liveWssRef is null

    [0m [90m 77 |[39m     console[level] [33m=[39m ([33m...[39margs[33m:[39m any[]) [33m=>[39m {
     [90m 78 |[39m         [36mif[39m ([36mtypeof[39m args[[35m0[39m] [33m===[39m [32m'string'[39m 
[33m&&[39m [33mEXPECTED_AT_IMPORT[39m[33m.[39mtest(args[[35m0[39m])) [36mreturn[39m[33m;[39m
    [31m[1m>[22m[39m[90m 79 |[39m         real([33m...[39margs)[33m;[39m
     [90m    |[39m         [31m[1m^[22m[39m
     [90m 80 |[39m     }[33m;[39m
     [90m 81 |[39m }
     [90m 82 |[39m[0m

      at console.<computed> [as warn] (__tests__/setup.ts:79:9)
      at broadcast (api/ws.ts:594:13)
      at broadcastTerminalLine (api/ws.ts:703:5)
      at term (modules/tools/definitions/ReactProjectTool.ts:4340:38)
      at ReactProjectTool.execute (modules/tools/definitions/ReactProjectTool.ts:6336:21)
      at __tests__/records-presentation-authoring.test.ts:52:33

    console.warn
      [WS] broadcast called but liveWssRef is null

    [0m [90m 77 |[39m     console[level] [33m=[39m ([33m...[39margs[33m:[39m any[]) [33m=>[39m {
     [90m 78 |[39m         [36mif[39m ([36mtypeof[39m args[[35m0[39m] [33m===[39m [32m'string'[39m 
[33m&&[39m [33mEXPECTED_AT_IMPORT[39m[33m.[39mtest(args[[35m0[39m])) [36mreturn[39m[33m;[39m
    [31m[1m>[22m[39m[90m 79 |[39m         real([33m...[39margs)[33m;[39m
     [90m    |[39m         [31m[1m^[22m[39m
     [90m 80 |[39m     }[33m;[39m
     [90m 81 |[39m }
     [90m 82 |[39m[0m

      at console.<computed> [as warn] (__tests__/setup.ts:79:9)
      at broadcast (api/ws.ts:594:13)
      at ReactProjectTool.execute (modules/tools/definitions/ReactProjectTool.ts:4334:24)
      at __tests__/records-presentation-authoring.test.ts:52:62

    console.warn
      [WS] broadcast called but liveWssRef is null

    [0m [90m 77 |[39m     console[level] [33m=[39m ([33m...[39margs[33m:[39m any[]) [33m=>[39m {
     [90m 78 |[39m         [36mif[39m ([36mtypeof[39m args[[35m0[39m] [33m===[39m [32m'string'[39m 
[33m&&[39m [33mEXPECTED_AT_IMPORT[39m[33m.[39mtest(args[[35m0[39m])) [36mreturn[39m[33m;[39m
    [31m[1m>[22m[39m[90m 79 |[39m         real([33m...[39margs)[33m;[39m
     [90m    |[39m         [31m[1m^[22m[39m
     [90m 80 |[39m     }[33m;[39m
     [90m 81 |[39m }
     [90m 82 |[39m[0m

      at console.<computed> [as warn] (__tests__/setup.ts:79:9)
      at broadcast (api/ws.ts:594:13)
      at broadcastTerminalLine (api/ws.ts:703:5)
      at term (modules/tools/definitions/ReactProjectTool.ts:4340:38)
      at ReactProjectTool.execute (modules/tools/definitions/ReactProjectTool.ts:4498:13)
      at __tests__/records-presentation-authoring.test.ts:52:62

    console.warn
      [WS] broadcast called but liveWssRef is null

    [0m [90m 77 |[39m     console[level] [33m=[39m ([33m...[39margs[33m:[39m any[]) [33m=>[39m {
     [90m 78 |[39m         [36mif[39m ([36mtypeof[39m args[[35m0[39m] [33m===[39m [32m'string'[39m 
[33m&&[39m [33mEXPECTED_AT_IMPORT[39m[33m.[39mtest(args[[35m0[39m])) [36mreturn[39m[33m;[39m
    [31m[1m>[22m[39m[90m 79 |[39m         real([33m...[39margs)[33m;[39m
     [90m    |[39m         [31m[1m^[22m[39m
     [90m 80 |[39m     }[33m;[39m
     [90m 81 |[39m }
     [90m 82 |[39m[0m

      at console.<computed> [as warn] (__tests__/setup.ts:79:9)
      at broadcast (api/ws.ts:594:13)
      at ReactProjectTool.execute (modules/tools/definitions/ReactProjectTool.ts:4575:22)
      at __tests__/records-presentation-authoring.test.ts:52:62

    console.warn
      [WS] broadcast called but liveWssRef is null

    [0m [90m 77 |[39m     console[level] [33m=[39m ([33m...[39margs[33m:[39m any[]) [33m=>[39m {
     [90m 78 |[39m         [36mif[39m ([36mtypeof[39m args[[35m0[39m] [33m===[39m [32m'string'[39m 
[33m&&[39m [33mEXPECTED_AT_IMPORT[39m[33m.[39mtest(args[[35m0[39m])) [36mreturn[39m[33m;[39m
    [31m[1m>[22m[39m[90m 79 |[39m         real([33m...[39margs)[33m;[39m
     [90m    |[39m         [31m[1m^[22m[39m
     [90m 80 |[39m     }[33m;[39m
     [90m 81 |[39m }
     [90m 82 |[39m[0m

      at console.<computed> [as warn] (__tests__/setup.ts:79:9)
      at broadcast (api/ws.ts:594:13)
      at broadcastTerminalLine (api/ws.ts:703:5)
      at term (modules/tools/definitions/ReactProjectTool.ts:4340:38)
      at ReactProjectTool.execute (modules/tools/definitions/ReactProjectTool.ts:4678:9)
      at __tests__/records-presentation-authoring.test.ts:52:62

    console.warn
      [WS] broadcast called but liveWssRef is null

    [0m [90m 77 |[39m     console[level] [33m=[39m ([33m...[39margs[33m:[39m any[]) [33m=>[39m {
     [90m 78 |[39m         [36mif[39m ([36mtypeof[39m args[[35m0[39m] [33m===[39m [32m'string'[39m 
[33m&&[39m [33mEXPECTED_AT_IMPORT[39m[33m.[39mtest(args[[35m0[39m])) [36mreturn[39m[33m;[39m
    [31m[1m>[22m[39m[90m 79 |[39m         real([33m...[39margs)[33m;[39m
     [90m    |[39m         [31m[1m^[22m[39m
     [90m 80 |[39m     }[33m;[39m
     [90m 81 |[39m }
     [90m 82 |[39m[0m

      at console.<computed> [as warn] (__tests__/setup.ts:79:9)
      at broadcast (api/ws.ts:594:13)
      at broadcastThinkingDetail (api/ws.ts:725:3)
      at ReactProjectTool.execute (modules/tools/definitions/ReactProjectTool.ts:5075:47)
      at __tests__/records-presentation-authoring.test.ts:52:62

    console.warn
      [WS] broadcast called but liveWssRef is null

    [0m [90m 77 |[39m     console[level] [33m=[39m ([33m...[39margs[33m:[39m any[]) [33m=>[39m {
     [90m 78 |[39m         [36mif[39m ([36mtypeof[39m args[[35m0[39m] [33m===[39m [32m'string'[39m 
[33m&&[39m [33mEXPECTED_AT_IMPORT[39m[33m.[39mtest(args[[35m0[39m])) [36mreturn[39m[33m;[39m
    [31m[1m>[22m[39m[90m 79 |[39m         real([33m...[39margs)[33m;[39m
     [90m    |[39m         [31m[1m^[22m[39m
     [90m 80 |[39m     }[33m;[39m
     [90m 81 |[39m }
     [90m 82 |[39m[0m

      at console.<computed> [as warn] (__tests__/setup.ts:79:9)
      at broadcast (api/ws.ts:594:13)
      at broadcastTerminalLine (api/ws.ts:703:5)
      at term (modules/tools/definitions/ReactProjectTool.ts:4340:38)
      at ReactProjectTool.execute (modules/tools/definitions/ReactProjectTool.ts:5682:13)
      at __tests__/records-presentation-authoring.test.ts:52:62

    console.warn
      [WS] broadcast called but liveWssRef is null

    [0m [90m 77 |[39m     console[level] [33m=[39m ([33m...[39margs[33m:[39m any[]) [33m=>[39m {
     [90m 78 |[39m         [36mif[39m ([36mtypeof[39m args[[35m0[39m] [33m===[39m [32m'string'[39m 
[33m&&[39m [33mEXPECTED_AT_IMPORT[39m[33m.[39mtest(args[[35m0[39m])) [36mreturn[39m[33m;[39m
    [31m[1m>[22m[39m[90m 79 |[39m         real([33m...[39margs)[33m;[39m
     [90m    |[39m         [31m[1m^[22m[39m
     [90m 80 |[39m     }[33m;[39m
     [90m 81 |[39m }
     [90m 82 |[39m[0m

      at console.<computed> [as warn] (__tests__/setup.ts:79:9)
      at broadcast (api/ws.ts:594:13)
      at ReactProjectTool.execute (modules/tools/definitions/ReactProjectTool.ts:6054:26)
      at __tests__/records-presentation-authoring.test.ts:52:62

    console.warn
      [WS] broadcast called but liveWssRef is null

    [0m [90m 77 |[39m     console[level] [33m=[39m ([33m...[39margs[33m:[39m any[]) [33m=>[39m {
     [90m 78 |[39m         [36mif[39m ([36mtypeof[39m args[[35m0[39m] [33m===[39m [32m'string'[39m 
[33m&&[39m [33mEXPECTED_AT_IMPORT[39m[33m.[39mtest(args[[35m0[39m])) [36mreturn[39m[33m;[39m
    [31m[1m>[22m[39m[90m 79 |[39m         real([33m...[39margs)[33m;[39m
     [90m    |[39m         [31m[1m^[22m[39m
     [90m 80 |[39m     }[33m;[39m
     [90m 81 |[39m }
     [90m 82 |[39m[0m

      at console.<computed> [as warn] (__tests__/setup.ts:79:9)
      at broadcast (api/ws.ts:594:13)
      at ReactProjectTool.execute (modules/tools/definitions/ReactProjectTool.ts:6054:26)
      at __tests__/records-presentation-authoring.test.ts:52:62

    console.warn
      [WS] broadcast called but liveWssRef is null

    [0m [90m 77 |[39m     console[level] [33m=[39m ([33m...[39margs[33m:[39m any[]) [33m=>[39m {
     [90m 78 |[39m         [36mif[39m ([36mtypeof[39m args[[35m0[39m] [33m===[39m [32m'string'[39m 
[33m&&[39m [33mEXPECTED_AT_IMPORT[39m[33m.[39mtest(args[[35m0[39m])) [36mreturn[39m[33m;[39m
    [31m[1m>[22m[39m[90m 79 |[39m         real([33m...[39margs)[33m;[39m
     [90m    |[39m         [31m[1m^[22m[39m
     [90m 80 |[39m     }[33m;[39m
     [90m 81 |[39m }
     [90m 82 |[39m[0m

      at console.<computed> [as warn] (__tests__/setup.ts:79:9)
      at broadcast (api/ws.ts:594:13)
      at ReactProjectTool.execute (modules/tools/definitions/ReactProjectTool.ts:6054:26)
      at __tests__/records-presentation-authoring.test.ts:52:62

    console.warn
      [WS] broadcast called but liveWssRef is null

    [0m [90m 77 |[39m     console[level] [33m=[39m ([33m...[39margs[33m:[39m any[]) [33m=>[39m {
     [90m 78 |[39m         [36mif[39m ([36mtypeof[39m args[[35m0[39m] [33m===[39m [32m'string'[39m 
[33m&&[39m [33mEXPECTED_AT_IMPORT[39m[33m.[39mtest(args[[35m0[39m])) [36mreturn[39m[33m;[39m
    [31m[1m>[22m[39m[90m 79 |[39m         real([33m...[39margs)[33m;[39m
     [90m    |[39m         [31m[1m^[22m[39m
     [90m 80 |[39m     }[33m;[39m
     [90m 81 |[39m }
     [90m 82 |[39m[0m

      at console.<computed> [as warn] (__tests__/setup.ts:79:9)
      at broadcast (api/ws.ts:594:13)
      at ReactProjectTool.execute (modules/tools/definitions/ReactProjectTool.ts:6054:26)
      at __tests__/records-presentation-authoring.test.ts:52:62

    console.warn
      [WS] broadcast called but liveWssRef is null

    [0m [90m 77 |[39m     console[level] [33m=[39m ([33m...[39margs[33m:[39m any[]) [33m=>[39m {
     [90m 78 |[39m         [36mif[39m ([36mtypeof[39m args[[35m0[39m] [33m===[39m [32m'string'[39m 
[33m&&[39m [33mEXPECTED_AT_IMPORT[39m[33m.[39mtest(args[[35m0[39m])) [36mreturn[39m[33m;[39m
    [31m[1m>[22m[39m[90m 79 |[39m         real([33m...[39margs)[33m;[39m
     [90m    |[39m         [31m[1m^[22m[39m
     [90m 80 |[39m     }[33m;[39m
     [90m 81 |[39m }
     [90m 82 |[39m[0m

      at console.<computed> [as warn] (__tests__/setup.ts:79:9)
      at broadcast (api/ws.ts:594:13)
      at ReactProjectTool.execute (modules/tools/definitions/ReactProjectTool.ts:6054:26)
      at __tests__/records-presentation-authoring.test.ts:52:62

    console.warn
      [WS] broadcast called but liveWssRef is null

    [0m [90m 77 |[39m     console[level] [33m=[39m ([33m...[39margs[33m:[39m any[]) [33m=>[39m {
     [90m 78 |[39m         [36mif[39m ([36mtypeof[39m args[[35m0[39m] [33m===[39m [32m'string'[39m 
[33m&&[39m [33mEXPECTED_AT_IMPORT[39m[33m.[39mtest(args[[35m0[39m])) [36mreturn[39m[33m;[39m
    [31m[1m>[22m[39m[90m 79 |[39m         real([33m...[39margs)[33m;[39m
     [90m    |[39m         [31m[1m^[22m[39m
     [90m 80 |[39m     }[33m;[39m
     [90m 81 |[39m }
     [90m 82 |[39m[0m

      at console.<computed> [as warn] (__tests__/setup.ts:79:9)
      at broadcast (api/ws.ts:594:13)
      at ReactProjectTool.execute (modules/tools/definitions/ReactProjectTool.ts:6054:26)
      at __tests__/records-presentation-authoring.test.ts:52:62

    console.warn
      [WS] broadcast called but liveWssRef is null

    [0m [90m 77 |[39m     console[level] [33m=[39m ([33m...[39margs[33m:[39m any[]) [33m=>[39m {
     [90m 78 |[39m         [36mif[39m ([36mtypeof[39m args[[35m0[39m] [33m===[39m [32m'string'[39m 
[33m&&[39m [33mEXPECTED_AT_IMPORT[39m[33m.[39mtest(args[[35m0[39m])) [36mreturn[39m[33m;[39m
    [31m[1m>[22m[39m[90m 79 |[39m         real([33m...[39margs)[33m;[39m
     [90m    |[39m         [31m[1m^[22m[39m
     [90m 80 |[39m     }[33m;[39m
     [90m 81 |[39m }
     [90m 82 |[39m[0m

      at console.<computed> [as warn] (__tests__/setup.ts:79:9)
      at broadcast (api/ws.ts:594:13)
      at ReactProjectTool.execute (modules/tools/definitions/ReactProjectTool.ts:6054:26)
      at __tests__/records-presentation-authoring.test.ts:52:62

    console.warn
      [WS] broadcast called but liveWssRef is null

    [0m [90m 77 |[39m     console[level] [33m=[39m ([33m...[39margs[33m:[39m any[]) [33m=>[39m {
     [90m 78 |[39m         [36mif[39m ([36mtypeof[39m args[[35m0[39m] [33m===[39m [32m'string'[39m 
[33m&&[39m [33mEXPECTED_AT_IMPORT[39m[33m.[39mtest(args[[35m0[39m])) [36mreturn[39m[33m;[39m
    [31m[1m>[22m[39m[90m 79 |[39m         real([33m...[39margs)[33m;[39m
     [90m    |[39m         [31m[1m^[22m[39m
     [90m 80 |[39m     }[33m;[39m
     [90m 81 |[39m }
     [90m 82 |[39m[0m

      at console.<computed> [as warn] (__tests__/setup.ts:79:9)
      at broadcast (api/ws.ts:594:13)
      at ReactProjectTool.execute (modules/tools/definitions/ReactProjectTool.ts:6054:26)
      at __tests__/records-presentation-authoring.test.ts:52:62

    console.warn
      [WS] broadcast called but liveWssRef is null

    [0m [90m 77 |[39m     console[level] [33m=[39m ([33m...[39margs[33m:[39m any[]) [33m=>[39m {
     [90m 78 |[39m         [36mif[39m ([36mtypeof[39m args[[35m0[39m] [33m===[39m [32m'string'[39m 
[33m&&[39m [33mEXPECTED_AT_IMPORT[39m[33m.[39mtest(args[[35m0[39m])) [36mreturn[39m[33m;[39m
    [31m[1m>[22m[39m[90m 79 |[39m         real([33m...[39margs)[33m;[39m
     [90m    |[39m         [31m[1m^[22m[39m
     [90m 80 |[39m     }[33m;[39m
     [90m 81 |[39m }
     [90m 82 |[39m[0m

      at console.<computed> [as warn] (__tests__/setup.ts:79:9)
      at broadcast (api/ws.ts:594:13)
      at ReactProjectTool.execute (modules/tools/definitions/ReactProjectTool.ts:6054:26)
      at __tests__/records-presentation-authoring.test.ts:52:62

    console.warn
      [WS] broadcast called but liveWssRef is null

    [0m [90m 77 |[39m     console[level] [33m=[39m ([33m...[39margs[33m:[39m any[]) [33m=>[39m {
     [90m 78 |[39m         [36mif[39m ([36mtypeof[39m args[[35m0[39m] [33m===[39m [32m'string'[39m 
[33m&&[39m [33mEXPECTED_AT_IMPORT[39m[33m.[39mtest(args[[35m0[39m])) [36mreturn[39m[33m;[39m
    [31m[1m>[22m[39m[90m 79 |[39m         real([33m...[39margs)[33m;[39m
     [90m    |[39m         [31m[1m^[22m[39m
     [90m 80 |[39m     }[33m;[39m
     [90m 81 |[39m }
     [90m 82 |[39m[0m

      at console.<computed> [as warn] (__tests__/setup.ts:79:9)
      at broadcast (api/ws.ts:594:13)
      at ReactProjectTool.execute (modules/tools/definitions/ReactProjectTool.ts:6054:26)
      at __tests__/records-presentation-authoring.test.ts:52:62

    console.warn
      [WS] broadcast called but liveWssRef is null

    [0m [90m 77 |[39m     console[level] [33m=[39m ([33m...[39margs[33m:[39m any[]) [33m=>[39m {
     [90m 78 |[39m         [36mif[39m ([36mtypeof[39m args[[35m0[39m] [33m===[39m [32m'string'[39m 
[33m&&[39m [33mEXPECTED_AT_IMPORT[39m[33m.[39mtest(args[[35m0[39m])) [36mreturn[39m[33m;[39m
    [31m[1m>[22m[39m[90m 79 |[39m         real([33m...[39margs)[33m;[39m
     [90m    |[39m         [31m[1m^[22m[39m
     [90m 80 |[39m     }[33m;[39m
     [90m 81 |[39m }
     [90m 82 |[39m[0m

      at console.<computed> [as warn] (__tests__/setup.ts:79:9)
      at broadcast (api/ws.ts:594:13)
      at ReactProjectTool.execute (modules/tools/definitions/ReactProjectTool.ts:6054:26)
      at __tests__/records-presentation-authoring.test.ts:52:62

    console.warn
      [WS] broadcast called but liveWssRef is null

    [0m [90m 77 |[39m     console[level] [33m=[39m ([33m...[39margs[33m:[39m any[]) [33m=>[39m {
     [90m 78 |[39m         [36mif[39m ([36mtypeof[39m args[[35m0[39m] [33m===[39m [32m'string'[39m 
[33m&&[39m [33mEXPECTED_AT_IMPORT[39m[33m.[39mtest(args[[35m0[39m])) [36mreturn[39m[33m;[39m
    [31m[1m>[22m[39m[90m 79 |[39m         real([33m...[39margs)[33m;[39m
     [90m    |[39m         [31m[1m^[22m[39m
     [90m 80 |[39m     }[33m;[39m
     [90m 81 |[39m }
     [90m 82 |[39m[0m

      at console.<computed> [as warn] (__tests__/setup.ts:79:9)
      at broadcast (api/ws.ts:594:13)
      at ReactProjectTool.execute (modules/tools/definitions/ReactProjectTool.ts:6054:26)
      at __tests__/records-presentation-authoring.test.ts:52:62

    console.warn
      [WS] broadcast called but liveWssRef is null

    [0m [90m 77 |[39m     console[level] [33m=[39m ([33m...[39margs[33m:[39m any[]) [33m=>[39m {
     [90m 78 |[39m         [36mif[39m ([36mtypeof[39m args[[35m0[39m] [33m===[39m [32m'string'[39m 
[33m&&[39m [33mEXPECTED_AT_IMPORT[39m[33m.[39mtest(args[[35m0[39m])) [36mreturn[39m[33m;[39m
    [31m[1m>[22m[39m[90m 79 |[39m         real([33m...[39margs)[33m;[39m
     [90m    |[39m         [31m[1m^[22m[39m
     [90m 80 |[39m     }[33m;[39m
     [90m 81 |[39m }
     [90m 82 |[39m[0m

      at console.<computed> [as warn] (__tests__/setup.ts:79:9)
      at broadcast (api/ws.ts:594:13)
      at ReactProjectTool.execute (modules/tools/definitions/ReactProjectTool.ts:6054:26)
      at __tests__/records-presentation-authoring.test.ts:52:62

    console.warn
      [WS] broadcast called but liveWssRef is null

    [0m [90m 77 |[39m     console[level] [33m=[39m ([33m...[39margs[33m:[39m any[]) [33m=>[39m {
     [90m 78 |[39m         [36mif[39m ([36mtypeof[39m args[[35m0[39m] [33m===[39m [32m'string'[39m 
[33m&&[39m [33mEXPECTED_AT_IMPORT[39m[33m.[39mtest(args[[35m0[39m])) [36mreturn[39m[33m;[39m
    [31m[1m>[22m[39m[90m 79 |[39m         real([33m...[39margs)[33m;[39m
     [90m    |[39m         [31m[1m^[22m[39m
     [90m 80 |[39m     }[33m;[39m
     [90m 81 |[39m }
     [90m 82 |[39m[0m

      at console.<computed> [as warn] (__tests__/setup.ts:79:9)
      at broadcast (api/ws.ts:594:13)
      at ReactProjectTool.execute (modules/tools/definitions/ReactProjectTool.ts:6054:26)
      at __tests__/records-presentation-authoring.test.ts:52:62

    console.warn
      [WS] broadcast called but liveWssRef is null

    [0m [90m 77 |[39m     console[level] [33m=[39m ([33m...[39margs[33m:[39m any[]) [33m=>[39m {
     [90m 78 |[39m         [36mif[39m ([36mtypeof[39m args[[35m0[39m] [33m===[39m [32m'string'[39m 
[33m&&[39m [33mEXPECTED_AT_IMPORT[39m[33m.[39mtest(args[[35m0[39m])) [36mreturn[39m[33m;[39m
    [31m[1m>[22m[39m[90m 79 |[39m         real([33m...[39margs)[33m;[39m
     [90m    |[39m         [31m[1m^[22m[39m
     [90m 80 |[39m     }[33m;[39m
     [90m 81 |[39m }
     [90m 82 |[39m[0m

      at console.<computed> [as warn] (__tests__/setup.ts:79:9)
      at broadcast (api/ws.ts:594:13)
      at broadcastTerminalLine (api/ws.ts:703:5)
      at term (modules/tools/definitions/ReactProjectTool.ts:4340:38)
      at ReactProjectTool.execute (modules/tools/definitions/ReactProjectTool.ts:6259:13)
      at __tests__/records-presentation-authoring.test.ts:52:62

    console.warn
      [WS] broadcast called but liveWssRef is null

    [0m [90m 77 |[39m     console[level] [33m=[39m ([33m...[39margs[33m:[39m any[]) [33m=>[39m {
     [90m 78 |[39m         [36mif[39m ([36mtypeof[39m args[[35m0[39m] [33m===[39m [32m'string'[39m 
[33m&&[39m [33mEXPECTED_AT_IMPORT[39m[33m.[39mtest(args[[35m0[39m])) [36mreturn[39m[33m;[39m
    [31m[1m>[22m[39m[90m 79 |[39m         real([33m...[39margs)[33m;[39m
     [90m    |[39m         [31m[1m^[22m[39m
     [90m 80 |[39m     }[33m;[39m
     [90m 81 |[39m }
     [90m 82 |[39m[0m

      at console.<computed> [as warn] (__tests__/setup.ts:79:9)
      at broadcast (api/ws.ts:594:13)
      at broadcastTerminalLine (api/ws.ts:703:5)
      at term (modules/tools/definitions/ReactProjectTool.ts:4340:38)
      at ReactProjectTool.execute (modules/tools/definitions/ReactProjectTool.ts:6336:21)
      at __tests__/records-presentation-authoring.test.ts:52:33

    console.warn
      [WS] broadcast called but liveWssRef is null

    [0m [90m 77 |[39m     console[level] [33m=[39m ([33m...[39margs[33m:[39m any[]) [33m=>[39m {
     [90m 78 |[39m         [36mif[39m ([36mtypeof[39m args[[35m0[39m] [33m===[39m [32m'string'[39m 
[33m&&[39m [33mEXPECTED_AT_IMPORT[39m[33m.[39mtest(args[[35m0[39m])) [36mreturn[39m[33m;[39m
    [31m[1m>[22m[39m[90m 79 |[39m         real([33m...[39margs)[33m;[39m
     [90m    |[39m         [31m[1m^[22m[39m
     [90m 80 |[39m     }[33m;[39m
     [90m 81 |[39m }
     [90m 82 |[39m[0m

      at console.<computed> [as warn] (__tests__/setup.ts:79:9)
      at broadcast (api/ws.ts:594:13)
      at ReactProjectTool.execute (modules/tools/definitions/ReactProjectTool.ts:4334:24)
      at Object.<anonymous> (__tests__/records-presentation-authoring.test.ts:87:62)

    console.warn
      [WS] broadcast called but liveWssRef is null

    [0m [90m 77 |[39m     console[level] [33m=[39m ([33m...[39margs[33m:[39m any[]) [33m=>[39m {
     [90m 78 |[39m         [36mif[39m ([36mtypeof[39m args[[35m0[39m] [33m===[39m [32m'string'[39m 
[33m&&[39m [33mEXPECTED_AT_IMPORT[39m[33m.[39mtest(args[[35m0[39m])) [36mreturn[39m[33m;[39m
    [31m[1m>[22m[39m[90m 79 |[39m         real([33m...[39margs)[33m;[39m
     [90m    |[39m         [31m[1m^[22m[39m
     [90m 80 |[39m     }[33m;[39m
     [90m 81 |[39m }
     [90m 82 |[39m[0m

      at console.<computed> [as warn] (__tests__/setup.ts:79:9)
      at broadcast (api/ws.ts:594:13)
      at broadcastTerminalLine (api/ws.ts:703:5)
      at term (modules/tools/definitions/ReactProjectTool.ts:4340:38)
      at ReactProjectTool.execute (modules/tools/definitions/ReactProjectTool.ts:4498:13)
      at Object.<anonymous> (__tests__/records-presentation-authoring.test.ts:87:62)

    console.warn
      [WS] broadcast called but liveWssRef is null

    [0m [90m 77 |[39m     console[level] [33m=[39m ([33m...[39margs[33m:[39m any[]) [33m=>[39m {
     [90m 78 |[39m         [36mif[39m ([36mtypeof[39m args[[35m0[39m] [33m===[39m [32m'string'[39m 
[33m&&[39m [33mEXPECTED_AT_IMPORT[39m[33m.[39mtest(args[[35m0[39m])) [36mreturn[39m[33m;[39m
    [31m[1m>[22m[39m[90m 79 |[39m         real([33m...[39margs)[33m;[39m
     [90m    |[39m         [31m[1m^[22m[39m
     [90m 80 |[39m     }[33m;[39m
     [90m 81 |[39m }
     [90m 82 |[39m[0m

      at console.<computed> [as warn] (__tests__/setup.ts:79:9)
      at broadcast (api/ws.ts:594:13)
      at ReactProjectTool.execute (modules/tools/definitions/ReactProjectTool.ts:4575:22)
      at Object.<anonymous> (__tests__/records-presentation-authoring.test.ts:87:62)

    console.warn
      [WS] broadcast called but liveWssRef is null

    [0m [90m 77 |[39m     console[level] [33m=[39m ([33m...[39margs[33m:[39m any[]) [33m=>[39m {
     [90m 78 |[39m         [36mif[39m ([36mtypeof[39m args[[35m0[39m] [33m===[39m [32m'string'[39m 
[33m&&[39m [33mEXPECTED_AT_IMPORT[39m[33m.[39mtest(args[[35m0[39m])) [36mreturn[39m[33m;[39m
    [31m[1m>[22m[39m[90m 79 |[39m         real([33m...[39margs)[33m;[39m
     [90m    |[39m         [31m[1m^[22m[39m
     [90m 80 |[39m     }[33m;[39m
     [90m 81 |[39m }
     [90m 82 |[39m[0m

      at console.<computed> [as warn] (__tests__/setup.ts:79:9)
      at broadcast (api/ws.ts:594:13)
      at broadcastTerminalLine (api/ws.ts:703:5)
      at term (modules/tools/definitions/ReactProjectTool.ts:4340:38)
      at ReactProjectTool.execute (modules/tools/definitions/ReactProjectTool.ts:4678:9)
      at Object.<anonymous> (__tests__/records-presentation-authoring.test.ts:87:62)

    console.warn
      [WS] broadcast called but liveWssRef is null

    [0m [90m 77 |[39m     console[level] [33m=[39m ([33m...[39margs[33m:[39m any[]) [33m=>[39m {
     [90m 78 |[39m         [36mif[39m ([36mtypeof[39m args[[35m0[39m] [33m===[39m [32m'string'[39m 
[33m&&[39m [33mEXPECTED_AT_IMPORT[39m[33m.[39mtest(args[[35m0[39m])) [36mreturn[39m[33m;[39m
    [31m[1m>[22m[39m[90m 79 |[39m         real([33m...[39margs)[33m;[39m
     [90m    |[39m         [31m[1m^[22m[39m
     [90m 80 |[39m     }[33m;[39m
     [90m 81 |[39m }
     [90m 82 |[39m[0m

      at console.<computed> [as warn] (__tests__/setup.ts:79:9)
      at broadcast (api/ws.ts:594:13)
      at broadcastThinkingDetail (api/ws.ts:725:3)
      at ReactProjectTool.execute (modules/tools/definitions/ReactProjectTool.ts:5075:47)
      at Object.<anonymous> (__tests__/records-presentation-authoring.test.ts:87:62)

    console.warn
      [WS] broadcast called but liveWssRef is null

    [0m [90m 77 |[39m     console[level] [33m=[39m ([33m...[39margs[33m:[39m any[]) [33m=>[39m {
     [90m 78 |[39m         [36mif[39m ([36mtypeof[39m args[[35m0[39m] [33m===[39m [32m'string'[39m 
[33m&&[39m [33mEXPECTED_AT_IMPORT[39m[33m.[39mtest(args[[35m0[39m])) [36mreturn[39m[33m;[39m
    [31m[1m>[22m[39m[90m 79 |[39m         real([33m...[39margs)[33m;[39m
     [90m    |[39m         [31m[1m^[22m[39m
     [90m 80 |[39m     }[33m;[39m
     [90m 81 |[39m }
     [90m 82 |[39m[0m

      at console.<computed> [as warn] (__tests__/setup.ts:79:9)
      at broadcast (api/ws.ts:594:13)
      at broadcastTerminalLine (api/ws.ts:703:5)
      at term (modules/tools/definitions/ReactProjectTool.ts:4340:38)
      at ReactProjectTool.execute (modules/tools/definitions/ReactProjectTool.ts:5682:13)
      at Object.<anonymous> (__tests__/records-presentation-authoring.test.ts:87:62)

    console.warn
      [WS] broadcast called but liveWssRef is null

    [0m [90m 77 |[39m     console[level] [33m=[39m ([33m...[39margs[33m:[39m any[]) [33m=>[39m {
     [90m 78 |[39m         [36mif[39m ([36mtypeof[39m args[[35m0[39m] [33m===[39m [32m'string'[39m 
[33m&&[39m [33mEXPECTED_AT_IMPORT[39m[33m.[39mtest(args[[35m0[39m])) [36mreturn[39m[33m;[39m
    [31m[1m>[22m[39m[90m 79 |[39m         real([33m...[39margs)[33m;[39m
     [90m    |[39m         [31m[1m^[22m[39m
     [90m 80 |[39m     }[33m;[39m
     [90m 81 |[39m }
     [90m 82 |[39m[0m

      at console.<computed> [as warn] (__tests__/setup.ts:79:9)
      at broadcast (api/ws.ts:594:13)
      at ReactProjectTool.execute (modules/tools/definitions/ReactProjectTool.ts:6054:26)
      at Object.<anonymous> (__tests__/records-presentation-authoring.test.ts:87:62)

    console.warn
      [WS] broadcast called but liveWssRef is null

    [0m [90m 77 |[39m     console[level] [33m=[39m ([33m...[39margs[33m:[39m any[]) [33m=>[39m {
     [90m 78 |[39m         [36mif[39m ([36mtypeof[39m args[[35m0[39m] [33m===[39m [32m'string'[39m 
[33m&&[39m [33mEXPECTED_AT_IMPORT[39m[33m.[39mtest(args[[35m0[39m])) [36mreturn[39m[33m;[39m
    [31m[1m>[22m[39m[90m 79 |[39m         real([33m...[39margs)[33m;[39m
     [90m    |[39m         [31m[1m^[22m[39m
     [90m 80 |[39m     }[33m;[39m
     [90m 81 |[39m }
     [90m 82 |[39m[0m

      at console.<computed> [as warn] (__tests__/setup.ts:79:9)
      at broadcast (api/ws.ts:594:13)
      at ReactProjectTool.execute (modules/tools/definitions/ReactProjectTool.ts:6054:26)
      at Object.<anonymous> (__tests__/records-presentation-authoring.test.ts:87:62)

    console.warn
      [WS] broadcast called but liveWssRef is null

    [0m [90m 77 |[39m     console[level] [33m=[39m ([33m...[39margs[33m:[39m any[]) [33m=>[39m {
     [90m 78 |[39m         [36mif[39m ([36mtypeof[39m args[[35m0[39m] [33m===[39m [32m'string'[39m 
[33m&&[39m [33mEXPECTED_AT_IMPORT[39m[33m.[39mtest(args[[35m0[39m])) [36mreturn[39m[33m;[39m
    [31m[1m>[22m[39m[90m 79 |[39m         real([33m...[39margs)[33m;[39m
     [90m    |[39m         [31m[1m^[22m[39m
     [90m 80 |[39m     }[33m;[39m
     [90m 81 |[39m }
     [90m 82 |[39m[0m

      at console.<computed> [as warn] (__tests__/setup.ts:79:9)
      at broadcast (api/ws.ts:594:13)
      at ReactProjectTool.execute (modules/tools/definitions/ReactProjectTool.ts:6054:26)
      at Object.<anonymous> (__tests__/records-presentation-authoring.test.ts:87:62)

    console.warn
      [WS] broadcast called but liveWssRef is null

    [0m [90m 77 |[39m     console[level] [33m=[39m ([33m...[39margs[33m:[39m any[]) [33m=>[39m {
     [90m 78 |[39m         [36mif[39m ([36mtypeof[39m args[[35m0[39m] [33m===[39m [32m'string'[39m 
[33m&&[39m [33mEXPECTED_AT_IMPORT[39m[33m.[39mtest(args[[35m0[39m])) [36mreturn[39m[33m;[39m
    [31m[1m>[22m[39m[90m 79 |[39m         real([33m...[39margs)[33m;[39m
     [90m    |[39m         [31m[1m^[22m[39m
     [90m 80 |[39m     }[33m;[39m
     [90m 81 |[39m }
     [90m 82 |[39m[0m

      at console.<computed> [as warn] (__tests__/setup.ts:79:9)
      at broadcast (api/ws.ts:594:13)
      at ReactProjectTool.execute (modules/tools/definitions/ReactProjectTool.ts:6054:26)
      at Object.<anonymous> (__tests__/records-presentation-authoring.test.ts:87:62)

    console.warn
      [WS] broadcast called but liveWssRef is null

    [0m [90m 77 |[39m     console[level] [33m=[39m ([33m...[39margs[33m:[39m any[]) [33m=>[39m {
     [90m 78 |[39m         [36mif[39m ([36mtypeof[39m args[[35m0[39m] [33m===[39m [32m'string'[39m 
[33m&&[39m [33mEXPECTED_AT_IMPORT[39m[33m.[39mtest(args[[35m0[39m])) [36mreturn[39m[33m;[39m
    [31m[1m>[22m[39m[90m 79 |[39m         real([33m...[39margs)[33m;[39m
     [90m    |[39m         [31m[1m^[22m[39m
     [90m 80 |[39m     }[33m;[39m
     [90m 81 |[39m }
     [90m 82 |[39m[0m

      at console.<computed> [as warn] (__tests__/setup.ts:79:9)
      at broadcast (api/ws.ts:594:13)
      at ReactProjectTool.execute (modules/tools/definitions/ReactProjectTool.ts:6054:26)
      at Object.<anonymous> (__tests__/records-presentation-authoring.test.ts:87:62)

    console.warn
      [WS] broadcast called but liveWssRef is null

    [0m [90m 77 |[39m     console[level] [33m=[39m ([33m...[39margs[33m:[39m any[]) [33m=>[39m {
     [90m 78 |[39m         [36mif[39m ([36mtypeof[39m args[[35m0[39m] [33m===[39m [32m'string'[39m 
[33m&&[39m [33mEXPECTED_AT_IMPORT[39m[33m.[39mtest(args[[35m0[39m])) [36mreturn[39m[33m;[39m
    [31m[1m>[22m[39m[90m 79 |[39m         real([33m...[39margs)[33m;[39m
     [90m    |[39m         [31m[1m^[22m[39m
     [90m 80 |[39m     }[33m;[39m
     [90m 81 |[39m }
     [90m 82 |[39m[0m

      at console.<computed> [as warn] (__tests__/setup.ts:79:9)
      at broadcast (api/ws.ts:594:13)
      at ReactProjectTool.execute (modules/tools/definitions/ReactProjectTool.ts:6054:26)
      at Object.<anonymous> (__tests__/records-presentation-authoring.test.ts:87:62)

    console.warn
      [WS] broadcast called but liveWssRef is null

    [0m [90m 77 |[39m     console[level] [33m=[39m ([33m...[39margs[33m:[39m any[]) [33m=>[39m {
     [90m 78 |[39m         [36mif[39m ([36mtypeof[39m args[[35m0[39m] [33m===[39m [32m'string'[39m 
[33m&&[39m [33mEXPECTED_AT_IMPORT[39m[33m.[39mtest(args[[35m0[39m])) [36mreturn[39m[33m;[39m
    [31m[1m>[22m[39m[90m 79 |[39m         real([33m...[39margs)[33m;[39m
     [90m    |[39m         [31m[1m^[22m[39m
     [90m 80 |[39m     }[33m;[39m
     [90m 81 |[39m }
     [90m 82 |[39m[0m

      at console.<computed> [as warn] (__tests__/setup.ts:79:9)
      at broadcast (api/ws.ts:594:13)
      at ReactProjectTool.execute (modules/tools/definitions/ReactProjectTool.ts:6054:26)
      at Object.<anonymous> (__tests__/records-presentation-authoring.test.ts:87:62)

    console.warn
      [WS] broadcast called but liveWssRef is null

    [0m [90m 77 |[39m     console[level] [33m=[39m ([33m...[39margs[33m:[39m any[]) [33m=>[39m {
     [90m 78 |[39m         [36mif[39m ([36mtypeof[39m args[[35m0[39m] [33m===[39m [32m'string'[39m 
[33m&&[39m [33mEXPECTED_AT_IMPORT[39m[33m.[39mtest(args[[35m0[39m])) [36mreturn[39m[33m;[39m
    [31m[1m>[22m[39m[90m 79 |[39m         real([33m...[39margs)[33m;[39m
     [90m    |[39m         [31m[1m^[22m[39m
     [90m 80 |[39m     }[33m;[39m
     [90m 81 |[39m }
     [90m 82 |[39m[0m

      at console.<computed> [as warn] (__tests__/setup.ts:79:9)
      at broadcast (api/ws.ts:594:13)
      at ReactProjectTool.execute (modules/tools/definitions/ReactProjectTool.ts:6054:26)
      at Object.<anonymous> (__tests__/records-presentation-authoring.test.ts:87:62)

    console.warn
      [WS] broadcast called but liveWssRef is null

    [0m [90m 77 |[39m     console[level] [33m=[39m ([33m...[39margs[33m:[39m any[]) [33m=>[39m {
     [90m 78 |[39m         [36mif[39m ([36mtypeof[39m args[[35m0[39m] [33m===[39m [32m'string'[39m 
[33m&&[39m [33mEXPECTED_AT_IMPORT[39m[33m.[39mtest(args[[35m0[39m])) [36mreturn[39m[33m;[39m
    [31m[1m>[22m[39m[90m 79 |[39m         real([33m...[39margs)[33m;[39m
     [90m    |[39m         [31m[1m^[22m[39m
     [90m 80 |[39m     }[33m;[39m
     [90m 81 |[39m }
     [90m 82 |[39m[0m

      at console.<computed> [as warn] (__tests__/setup.ts:79:9)
      at broadcast (api/ws.ts:594:13)
      at ReactProjectTool.execute (modules/tools/definitions/ReactProjectTool.ts:6054:26)
      at Object.<anonymous> (__tests__/records-presentation-authoring.test.ts:87:62)

    console.warn
      [WS] broadcast called but liveWssRef is null

    [0m [90m 77 |[39m     console[level] [33m=[39m ([33m...[39margs[33m:[39m any[]) [33m=>[39m {
     [90m 78 |[39m         [36mif[39m ([36mtypeof[39m args[[35m0[39m] [33m===[39m [32m'string'[39m 
[33m&&[39m [33mEXPECTED_AT_IMPORT[39m[33m.[39mtest(args[[35m0[39m])) [36mreturn[39m[33m;[39m
    [31m[1m>[22m[39m[90m 79 |[39m         real([33m...[39margs)[33m;[39m
     [90m    |[39m         [31m[1m^[22m[39m
     [90m 80 |[39m     }[33m;[39m
     [90m 81 |[39m }
     [90m 82 |[39m[0m

      at console.<computed> [as warn] (__tests__/setup.ts:79:9)
      at broadcast (api/ws.ts:594:13)
      at ReactProjectTool.execute (modules/tools/definitions/ReactProjectTool.ts:6054:26)
      at Object.<anonymous> (__tests__/records-presentation-authoring.test.ts:87:62)

    console.warn
      [WS] broadcast called but liveWssRef is null

    [0m [90m 77 |[39m     console[level] [33m=[39m ([33m...[39margs[33m:[39m any[]) [33m=>[39m {
     [90m 78 |[39m         [36mif[39m ([36mtypeof[39m args[[35m0[39m] [33m===[39m [32m'string'[39m 
[33m&&[39m [33mEXPECTED_AT_IMPORT[39m[33m.[39mtest(args[[35m0[39m])) [36mreturn[39m[33m;[39m
    [31m[1m>[22m[39m[90m 79 |[39m         real([33m...[39margs)[33m;[39m
     [90m    |[39m         [31m[1m^[22m[39m
     [90m 80 |[39m     }[33m;[39m
     [90m 81 |[39m }
     [90m 82 |[39m[0m

      at console.<computed> [as warn] (__tests__/setup.ts:79:9)
      at broadcast (api/ws.ts:594:13)
      at ReactProjectTool.execute (modules/tools/definitions/ReactProjectTool.ts:6054:26)
      at Object.<anonymous> (__tests__/records-presentation-authoring.test.ts:87:62)

    console.warn
      [WS] broadcast called but liveWssRef is null

    [0m [90m 77 |[39m     console[level] [33m=[39m ([33m...[39margs[33m:[39m any[]) [33m=>[39m {
     [90m 78 |[39m         [36mif[39m ([36mtypeof[39m args[[35m0[39m] [33m===[39m [32m'string'[39m 
[33m&&[39m [33mEXPECTED_AT_IMPORT[39m[33m.[39mtest(args[[35m0[39m])) [36mreturn[39m[33m;[39m
    [31m[1m>[22m[39m[90m 79 |[39m         real([33m...[39margs)[33m;[39m
     [90m    |[39m         [31m[1m^[22m[39m
     [90m 80 |[39m     }[33m;[39m
     [90m 81 |[39m }
     [90m 82 |[39m[0m

      at console.<computed> [as warn] (__tests__/setup.ts:79:9)
      at broadcast (api/ws.ts:594:13)
      at ReactProjectTool.execute (modules/tools/definitions/ReactProjectTool.ts:6054:26)
      at Object.<anonymous> (__tests__/records-presentation-authoring.test.ts:87:62)

    console.warn
      [WS] broadcast called but liveWssRef is null

    [0m [90m 77 |[39m     console[level] [33m=[39m ([33m...[39margs[33m:[39m any[]) [33m=>[39m {
     [90m 78 |[39m         [36mif[39m ([36mtypeof[39m args[[35m0[39m] [33m===[39m [32m'string'[39m 
[33m&&[39m [33mEXPECTED_AT_IMPORT[39m[33m.[39mtest(args[[35m0[39m])) [36mreturn[39m[33m;[39m
    [31m[1m>[22m[39m[90m 79 |[39m         real([33m...[39margs)[33m;[39m
     [90m    |[39m         [31m[1m^[22m[39m
     [90m 80 |[39m     }[33m;[39m
     [90m 81 |[39m }
     [90m 82 |[39m[0m

      at console.<computed> [as warn] (__tests__/setup.ts:79:9)
      at broadcast (api/ws.ts:594:13)
      at ReactProjectTool.execute (modules/tools/definitions/ReactProjectTool.ts:6054:26)
      at Object.<anonymous> (__tests__/records-presentation-authoring.test.ts:87:62)

    console.warn
      [WS] broadcast called but liveWssRef is null

    [0m [90m 77 |[39m     console[level] [33m=[39m ([33m...[39margs[33m:[39m any[]) [33m=>[39m {
     [90m 78 |[39m         [36mif[39m ([36mtypeof[39m args[[35m0[39m] [33m===[39m [32m'string'[39m 
[33m&&[39m [33mEXPECTED_AT_IMPORT[39m[33m.[39mtest(args[[35m0[39m])) [36mreturn[39m[33m;[39m
    [31m[1m>[22m[39m[90m 79 |[39m         real([33m...[39margs)[33m;[39m
     [90m    |[39m         [31m[1m^[22m[39m
     [90m 80 |[39m     }[33m;[39m
     [90m 81 |[39m }
     [90m 82 |[39m[0m

      at console.<computed> [as warn] (__tests__/setup.ts:79:9)
      at broadcast (api/ws.ts:594:13)
      at ReactProjectTool.execute (modules/tools/definitions/ReactProjectTool.ts:6054:26)
      at Object.<anonymous> (__tests__/records-presentation-authoring.test.ts:87:62)

    console.warn
      [WS] broadcast called but liveWssRef is null

    [0m [90m 77 |[39m     console[level] [33m=[39m ([33m...[39margs[33m:[39m any[]) [33m=>[39m {
     [90m 78 |[39m         [36mif[39m ([36mtypeof[39m args[[35m0[39m] [33m===[39m [32m'string'[39m 
[33m&&[39m [33mEXPECTED_AT_IMPORT[39m[33m.[39mtest(args[[35m0[39m])) [36mreturn[39m[33m;[39m
    [31m[1m>[22m[39m[90m 79 |[39m         real([33m...[39margs)[33m;[39m
     [90m    |[39m         [31m[1m^[22m[39m
     [90m 80 |[39m     }[33m;[39m
     [90m 81 |[39m }
     [90m 82 |[39m[0m

      at console.<computed> [as warn] (__tests__/setup.ts:79:9)
      at broadcast (api/ws.ts:594:13)
      at broadcastTerminalLine (api/ws.ts:703:5)
      at term (modules/tools/definitions/ReactProjectTool.ts:4340:38)
      at ReactProjectTool.execute (modules/tools/definitions/ReactProjectTool.ts:6259:13)
      at Object.<anonymous> (__tests__/records-presentation-authoring.test.ts:87:62)

    console.warn
      [WS] broadcast called but liveWssRef is null

    [0m [90m 77 |[39m     console[level] [33m=[39m ([33m...[39margs[33m:[39m any[]) [33m=>[39m {
     [90m 78 |[39m         [36mif[39m ([36mtypeof[39m args[[35m0[39m] [33m===[39m [32m'string'[39m 
[33m&&[39m [33mEXPECTED_AT_IMPORT[39m[33m.[39mtest(args[[35m0[39m])) [36mreturn[39m[33m;[39m
    [31m[1m>[22m[39m[90m 79 |[39m         real([33m...[39margs)[33m;[39m
     [90m    |[39m         [31m[1m^[22m[39m
     [90m 80 |[39m     }[33m;[39m
     [90m 81 |[39m }
     [90m 82 |[39m[0m

      at console.<computed> [as warn] (__tests__/setup.ts:79:9)
      at broadcast (api/ws.ts:594:13)
      at broadcastTerminalLine (api/ws.ts:703:5)
      at term (modules/tools/definitions/ReactProjectTool.ts:4340:38)
      at ReactProjectTool.execute (modules/tools/definitions/ReactProjectTool.ts:6346:21)
      at Object.<anonymous> (__tests__/records-presentation-authoring.test.ts:87:33)

    console.warn
      [WS] broadcast called but liveWssRef is null

    [0m [90m 77 |[39m     console[level] [33m=[39m ([33m...[39margs[33m:[39m any[]) [33m=>[39m {
     [90m 78 |[39m         [36mif[39m ([36mtypeof[39m args[[35m0[39m] [33m===[39m [32m'string'[39m 
[33m&&[39m [33mEXPECTED_AT_IMPORT[39m[33m.[39mtest(args[[35m0[39m])) [36mreturn[39m[33m;[39m
    [31m[1m>[22m[39m[90m 79 |[39m         real([33m...[39margs)[33m;[39m
     [90m    |[39m         [31m[1m^[22m[39m
     [90m 80 |[39m     }[33m;[39m
     [90m 81 |[39m }
     [90m 82 |[39m[0m

      at console.<computed> [as warn] (__tests__/setup.ts:79:9)
      at broadcast (api/ws.ts:594:13)
      at ReactProjectTool.execute (modules/tools/definitions/ReactProjectTool.ts:4334:24)
      at __tests__/records-presentation-authoring.test.ts:114:66

    console.warn
      [WS] broadcast called but liveWssRef is null

    [0m [90m 77 |[39m     console[level] [33m=[39m ([33m...[39margs[33m:[39m any[]) [33m=>[39m {
     [90m 78 |[39m         [36mif[39m ([36mtypeof[39m args[[35m0[39m] [33m===[39m [32m'string'[39m 
[33m&&[39m [33mEXPECTED_AT_IMPORT[39m[33m.[39mtest(args[[35m0[39m])) [36mreturn[39m[33m;[39m
    [31m[1m>[22m[39m[90m 79 |[39m         real([33m...[39margs)[33m;[39m
     [90m    |[39m         [31m[1m^[22m[39m
     [90m 80 |[39m     }[33m;[39m
     [90m 81 |[39m }
     [90m 82 |[39m[0m

      at console.<computed> [as warn] (__tests__/setup.ts:79:9)
      at broadcast (api/ws.ts:594:13)
      at broadcastTerminalLine (api/ws.ts:703:5)
      at term (modules/tools/definitions/ReactProjectTool.ts:4340:38)
      at ReactProjectTool.execute (modules/tools/definitions/ReactProjectTool.ts:4498:13)
      at __tests__/records-presentation-authoring.test.ts:114:66

    console.warn
      [WS] broadcast called but liveWssRef is null

    [0m [90m 77 |[39m     console[level] [33m=[39m ([33m...[39margs[33m:[39m any[]) [33m=>[39m {
     [90m 78 |[39m         [36mif[39m ([36mtypeof[39m args[[35m0[39m] [33m===[39m [32m'string'[39m 
[33m&&[39m [33mEXPECTED_AT_IMPORT[39m[33m.[39mtest(args[[35m0[39m])) [36mreturn[39m[33m;[39m
    [31m[1m>[22m[39m[90m 79 |[39m         real([33m...[39margs)[33m;[39m
     [90m    |[39m         [31m[1m^[22m[39m
     [90m 80 |[39m     }[33m;[39m
     [90m 81 |[39m }
     [90m 82 |[39m[0m

      at console.<computed> [as warn] (__tests__/setup.ts:79:9)
      at broadcast (api/ws.ts:594:13)
      at ReactProjectTool.execute (modules/tools/definitions/ReactProjectTool.ts:4575:22)
      at __tests__/records-presentation-authoring.test.ts:114:66

    console.warn
      [WS] broadcast called but liveWssRef is null

    [0m [90m 77 |[39m     console[level] [33m=[39m ([33m...[39margs[33m:[39m any[]) [33m=>[39m {
     [90m 78 |[39m         [36mif[39m ([36mtypeof[39m args[[35m0[39m] [33m===[39m [32m'string'[39m 
[33m&&[39m [33mEXPECTED_AT_IMPORT[39m[33m.[39mtest(args[[35m0[39m])) [36mreturn[39m[33m;[39m
    [31m[1m>[22m[39m[90m 79 |[39m         real([33m...[39margs)[33m;[39m
     [90m    |[39m         [31m[1m^[22m[39m
     [90m 80 |[39m     }[33m;[39m
     [90m 81 |[39m }
     [90m 82 |[39m[0m

      at console.<computed> [as warn] (__tests__/setup.ts:79:9)
      at broadcast (api/ws.ts:594:13)
      at broadcastTerminalLine (api/ws.ts:703:5)
      at term (modules/tools/definitions/ReactProjectTool.ts:4340:38)
      at ReactProjectTool.execute (modules/tools/definitions/ReactProjectTool.ts:4678:9)
      at __tests__/records-presentation-authoring.test.ts:114:66

    console.warn
      [WS] broadcast called but liveWssRef is null

    [0m [90m 77 |[39m     console[level] [33m=[39m ([33m...[39margs[33m:[39m any[]) [33m=>[39m {
     [90m 78 |[39m         [36mif[39m ([36mtypeof[39m args[[35m0[39m] [33m===[39m [32m'string'[39m 
[33m&&[39m [33mEXPECTED_AT_IMPORT[39m[33m.[39mtest(args[[35m0[39m])) [36mreturn[39m[33m;[39m
    [31m[1m>[22m[39m[90m 79 |[39m         real([33m...[39margs)[33m;[39m
     [90m    |[39m         [31m[1m^[22m[39m
     [90m 80 |[39m     }[33m;[39m
     [90m 81 |[39m }
     [90m 82 |[39m[0m

      at console.<computed> [as warn] (__tests__/setup.ts:79:9)
      at broadcast (api/ws.ts:594:13)
      at broadcastThinkingDetail (api/ws.ts:725:3)
      at ReactProjectTool.execute (modules/tools/definitions/ReactProjectTool.ts:5075:47)
      at __tests__/records-presentation-authoring.test.ts:114:66

    console.warn
      [WS] broadcast called but liveWssRef is null

    [0m [90m 77 |[39m     console[level] [33m=[39m ([33m...[39margs[33m:[39m any[]) [33m=>[39m {
     [90m 78 |[39m         [36mif[39m ([36mtypeof[39m args[[35m0[39m] [33m===[39m [32m'string'[39m 
[33m&&[39m [33mEXPECTED_AT_IMPORT[39m[33m.[39mtest(args[[35m0[39m])) [36mreturn[39m[33m;[39m
    [31m[1m>[22m[39m[90m 79 |[39m         real([33m...[39margs)[33m;[39m
     [90m    |[39m         [31m[1m^[22m[39m
     [90m 80 |[39m     }[33m;[39m
     [90m 81 |[39m }
     [90m 82 |[39m[0m

      at console.<computed> [as warn] (__tests__/setup.ts:79:9)
      at broadcast (api/ws.ts:594:13)
      at broadcastTerminalLine (api/ws.ts:703:5)
      at term (modules/tools/definitions/ReactProjectTool.ts:4340:38)
      at ReactProjectTool.execute (modules/tools/definitions/ReactProjectTool.ts:5682:13)
      at __tests__/records-presentation-authoring.test.ts:114:66

    console.warn
      [WS] broadcast called but liveWssRef is null

    [0m [90m 77 |[39m     console[level] [33m=[39m ([33m...[39margs[33m:[39m any[]) [33m=>[39m {
     [90m 78 |[39m         [36mif[39m ([36mtypeof[39m args[[35m0[39m] [33m===[39m [32m'string'[39m 
[33m&&[39m [33mEXPECTED_AT_IMPORT[39m[33m.[39mtest(args[[35m0[39m])) [36mreturn[39m[33m;[39m
    [31m[1m>[22m[39m[90m 79 |[39m         real([33m...[39margs)[33m;[39m
     [90m    |[39m         [31m[1m^[22m[39m
     [90m 80 |[39m     }[33m;[39m
     [90m 81 |[39m }
     [90m 82 |[39m[0m

      at console.<computed> [as warn] (__tests__/setup.ts:79:9)
      at broadcast (api/ws.ts:594:13)
      at ReactProjectTool.execute (modules/tools/definitions/ReactProjectTool.ts:6054:26)
      at __tests__/records-presentation-authoring.test.ts:114:66

    console.warn
      [WS] broadcast called but liveWssRef is null

    [0m [90m 77 |[39m     console[level] [33m=[39m ([33m...[39margs[33m:[39m any[]) [33m=>[39m {
     [90m 78 |[39m         [36mif[39m ([36mtypeof[39m args[[35m0[39m] [33m===[39m [32m'string'[39m 
[33m&&[39m [33mEXPECTED_AT_IMPORT[39m[33m.[39mtest(args[[35m0[39m])) [36mreturn[39m[33m;[39m
    [31m[1m>[22m[39m[90m 79 |[39m         real([33m...[39margs)[33m;[39m
     [90m    |[39m         [31m[1m^[22m[39m
     [90m 80 |[39m     }[33m;[39m
     [90m 81 |[39m }
     [90m 82 |[39m[0m

      at console.<computed> [as warn] (__tests__/setup.ts:79:9)
      at broadcast (api/ws.ts:594:13)
      at ReactProjectTool.execute (modules/tools/definitions/ReactProjectTool.ts:6054:26)
      at __tests__/records-presentation-authoring.test.ts:114:66

    console.warn
      [WS] broadcast called but liveWssRef is null

    [0m [90m 77 |[39m     console[level] [33m=[39m ([33m...[39margs[33m:[39m any[]) [33m=>[39m {
     [90m 78 |[39m         [36mif[39m ([36mtypeof[39m args[[35m0[39m] [33m===[39m [32m'string'[39m 
[33m&&[39m [33mEXPECTED_AT_IMPORT[39m[33m.[39mtest(args[[35m0[39m])) [36mreturn[39m[33m;[39m
    [31m[1m>[22m[39m[90m 79 |[39m         real([33m...[39margs)[33m;[39m
     [90m    |[39m         [31m[1m^[22m[39m
     [90m 80 |[39m     }[33m;[39m
     [90m 81 |[39m }
     [90m 82 |[39m[0m

      at console.<computed> [as warn] (__tests__/setup.ts:79:9)
      at broadcast (api/ws.ts:594:13)
      at ReactProjectTool.execute (modules/tools/definitions/ReactProjectTool.ts:6054:26)
      at __tests__/records-presentation-authoring.test.ts:114:66

    console.warn
      [WS] broadcast called but liveWssRef is null

    [0m [90m 77 |[39m     console[level] [33m=[39m ([33m...[39margs[33m:[39m any[]) [33m=>[39m {
     [90m 78 |[39m         [36mif[39m ([36mtypeof[39m args[[35m0[39m] [33m===[39m [32m'string'[39m 
[33m&&[39m [33mEXPECTED_AT_IMPORT[39m[33m.[39mtest(args[[35m0[39m])) [36mreturn[39m[33m;[39m
    [31m[1m>[22m[39m[90m 79 |[39m         real([33m...[39margs)[33m;[39m
     [90m    |[39m         [31m[1m^[22m[39m
     [90m 80 |[39m     }[33m;[39m
     [90m 81 |[39m }
     [90m 82 |[39m[0m

      at console.<computed> [as warn] (__tests__/setup.ts:79:9)
      at broadcast (api/ws.ts:594:13)
      at ReactProjectTool.execute (modules/tools/definitions/ReactProjectTool.ts:6054:26)
      at __tests__/records-presentation-authoring.test.ts:114:66

    console.warn
      [WS] broadcast called but liveWssRef is null

    [0m [90m 77 |[39m     console[level] [33m=[39m ([33m...[39margs[33m:[39m any[]) [33m=>[39m {
     [90m 78 |[39m         [36mif[39m ([36mtypeof[39m args[[35m0[39m] [33m===[39m [32m'string'[39m 
[33m&&[39m [33mEXPECTED_AT_IMPORT[39m[33m.[39mtest(args[[35m0[39m])) [36mreturn[39m[33m;[39m
    [31m[1m>[22m[39m[90m 79 |[39m         real([33m...[39margs)[33m;[39m
     [90m    |[39m         [31m[1m^[22m[39m
     [90m 80 |[39m     }[33m;[39m
     [90m 81 |[39m }
     [90m 82 |[39m[0m

      at console.<computed> [as warn] (__tests__/setup.ts:79:9)
      at broadcast (api/ws.ts:594:13)
      at ReactProjectTool.execute (modules/tools/definitions/ReactProjectTool.ts:6054:26)
      at __tests__/records-presentation-authoring.test.ts:114:66

    console.warn
      [WS] broadcast called but liveWssRef is null

    [0m [90m 77 |[39m     console[level] [33m=[39m ([33m...[39margs[33m:[39m any[]) [33m=>[39m {
     [90m 78 |[39m         [36mif[39m ([36mtypeof[39m args[[35m0[39m] [33m===[39m [32m'string'[39m 
[33m&&[39m [33mEXPECTED_AT_IMPORT[39m[33m.[39mtest(args[[35m0[39m])) [36mreturn[39m[33m;[39m
    [31m[1m>[22m[39m[90m 79 |[39m         real([33m...[39margs)[33m;[39m
     [90m    |[39m         [31m[1m^[22m[39m
     [90m 80 |[39m     }[33m;[39m
     [90m 81 |[39m }
     [90m 82 |[39m[0m

      at console.<computed> [as warn] (__tests__/setup.ts:79:9)
      at broadcast (api/ws.ts:594:13)
      at ReactProjectTool.execute (modules/tools/definitions/ReactProjectTool.ts:6054:26)
      at __tests__/records-presentation-authoring.test.ts:114:66

    console.warn
      [WS] broadcast called but liveWssRef is null

    [0m [90m 77 |[39m     console[level] [33m=[39m ([33m...[39margs[33m:[39m any[]) [33m=>[39m {
     [90m 78 |[39m         [36mif[39m ([36mtypeof[39m args[[35m0[39m] [33m===[39m [32m'string'[39m 
[33m&&[39m [33mEXPECTED_AT_IMPORT[39m[33m.[39mtest(args[[35m0[39m])) [36mreturn[39m[33m;[39m
    [31m[1m>[22m[39m[90m 79 |[39m         real([33m...[39margs)[33m;[39m
     [90m    |[39m         [31m[1m^[22m[39m
     [90m 80 |[39m     }[33m;[39m
     [90m 81 |[39m }
     [90m 82 |[39m[0m

      at console.<computed> [as warn] (__tests__/setup.ts:79:9)
      at broadcast (api/ws.ts:594:13)
      at ReactProjectTool.execute (modules/tools/definitions/ReactProjectTool.ts:6054:26)
      at __tests__/records-presentation-authoring.test.ts:114:66

    console.warn
      [WS] broadcast called but liveWssRef is null

    [0m [90m 77 |[39m     console[level] [33m=[39m ([33m...[39margs[33m:[39m any[]) [33m=>[39m {
     [90m 78 |[39m         [36mif[39m ([36mtypeof[39m args[[35m0[39m] [33m===[39m [32m'string'[39m 
[33m&&[39m [33mEXPECTED_AT_IMPORT[39m[33m.[39mtest(args[[35m0[39m])) [36mreturn[39m[33m;[39m
    [31m[1m>[22m[39m[90m 79 |[39m         real([33m...[39margs)[33m;[39m
     [90m    |[39m         [31m[1m^[22m[39m
     [90m 80 |[39m     }[33m;[39m
     [90m 81 |[39m }
     [90m 82 |[39m[0m

      at console.<computed> [as warn] (__tests__/setup.ts:79:9)
      at broadcast (api/ws.ts:594:13)
      at ReactProjectTool.execute (modules/tools/definitions/ReactProjectTool.ts:6054:26)
      at __tests__/records-presentation-authoring.test.ts:114:66

    console.warn
      [WS] broadcast called but liveWssRef is null

    [0m [90m 77 |[39m     console[level] [33m=[39m ([33m...[39margs[33m:[39m any[]) [33m=>[39m {
     [90m 78 |[39m         [36mif[39m ([36mtypeof[39m args[[35m0[39m] [33m===[39m [32m'string'[39m 
[33m&&[39m [33mEXPECTED_AT_IMPORT[39m[33m.[39mtest(args[[35m0[39m])) [36mreturn[39m[33m;[39m
    [31m[1m>[22m[39m[90m 79 |[39m         real([33m...[39margs)[33m;[39m
     [90m    |[39m         [31m[1m^[22m[39m
     [90m 80 |[39m     }[33m;[39m
     [90m 81 |[39m }
     [90m 82 |[39m[0m

      at console.<computed> [as warn] (__tests__/setup.ts:79:9)
      at broadcast (api/ws.ts:594:13)
      at ReactProjectTool.execute (modules/tools/definitions/ReactProjectTool.ts:6054:26)
      at __tests__/records-presentation-authoring.test.ts:114:66

    console.warn
      [WS] broadcast called but liveWssRef is null

    [0m [90m 77 |[39m     console[level] [33m=[39m ([33m...[39margs[33m:[39m any[]) [33m=>[39m {
     [90m 78 |[39m         [36mif[39m ([36mtypeof[39m args[[35m0[39m] [33m===[39m [32m'string'[39m 
[33m&&[39m [33mEXPECTED_AT_IMPORT[39m[33m.[39mtest(args[[35m0[39m])) [36mreturn[39m[33m;[39m
    [31m[1m>[22m[39m[90m 79 |[39m         real([33m...[39margs)[33m;[39m
     [90m    |[39m         [31m[1m^[22m[39m
     [90m 80 |[39m     }[33m;[39m
     [90m 81 |[39m }
     [90m 82 |[39m[0m

      at console.<computed> [as warn] (__tests__/setup.ts:79:9)
      at broadcast (api/ws.ts:594:13)
      at ReactProjectTool.execute (modules/tools/definitions/ReactProjectTool.ts:6054:26)
      at __tests__/records-presentation-authoring.test.ts:114:66

    console.warn
      [WS] broadcast called but liveWssRef is null

    [0m [90m 77 |[39m     console[level] [33m=[39m ([33m...[39margs[33m:[39m any[]) [33m=>[39m {
     [90m 78 |[39m         [36mif[39m ([36mtypeof[39m args[[35m0[39m] [33m===[39m [32m'string'[39m 
[33m&&[39m [33mEXPECTED_AT_IMPORT[39m[33m.[39mtest(args[[35m0[39m])) [36mreturn[39m[33m;[39m
    [31m[1m>[22m[39m[90m 79 |[39m         real([33m...[39margs)[33m;[39m
     [90m    |[39m         [31m[1m^[22m[39m
     [90m 80 |[39m     }[33m;[39m
     [90m 81 |[39m }
     [90m 82 |[39m[0m

      at console.<computed> [as warn] (__tests__/setup.ts:79:9)
      at broadcast (api/ws.ts:594:13)
      at ReactProjectTool.execute (modules/tools/definitions/ReactProjectTool.ts:6054:26)
      at __tests__/records-presentation-authoring.test.ts:114:66

    console.warn
      [WS] broadcast called but liveWssRef is null

    [0m [90m 77 |[39m     console[level] [33m=[39m ([33m...[39margs[33m:[39m any[]) [33m=>[39m {
     [90m 78 |[39m         [36mif[39m ([36mtypeof[39m args[[35m0[39m] [33m===[39m [32m'string'[39m 
[33m&&[39m [33mEXPECTED_AT_IMPORT[39m[33m.[39mtest(args[[35m0[39m])) [36mreturn[39m[33m;[39m
    [31m[1m>[22m[39m[90m 79 |[39m         real([33m...[39margs)[33m;[39m
     [90m    |[39m         [31m[1m^[22m[39m
     [90m 80 |[39m     }[33m;[39m
     [90m 81 |[39m }
     [90m 82 |[39m[0m

      at console.<computed> [as warn] (__tests__/setup.ts:79:9)
      at broadcast (api/ws.ts:594:13)
      at ReactProjectTool.execute (modules/tools/definitions/ReactProjectTool.ts:6054:26)
      at __tests__/records-presentation-authoring.test.ts:114:66

    console.warn
      [WS] broadcast called but liveWssRef is null

    [0m [90m 77 |[39m     console[level] [33m=[39m ([33m...[39margs[33m:[39m any[]) [33m=>[39m {
     [90m 78 |[39m         [36mif[39m ([36mtypeof[39m args[[35m0[39m] [33m===[39m [32m'string'[39m 
[33m&&[39m [33mEXPECTED_AT_IMPORT[39m[33m.[39mtest(args[[35m0[39m])) [36mreturn[39m[33m;[39m
    [31m[1m>[22m[39m[90m 79 |[39m         real([33m...[39margs)[33m;[39m
     [90m    |[39m         [31m[1m^[22m[39m
     [90m 80 |[39m     }[33m;[39m
     [90m 81 |[39m }
     [90m 82 |[39m[0m

      at console.<computed> [as warn] (__tests__/setup.ts:79:9)
      at broadcast (api/ws.ts:594:13)
      at ReactProjectTool.execute (modules/tools/definitions/ReactProjectTool.ts:6054:26)
      at __tests__/records-presentation-authoring.test.ts:114:66

    console.warn
      [WS] broadcast called but liveWssRef is null

    [0m [90m 77 |[39m     console[level] [33m=[39m ([33m...[39margs[33m:[39m any[]) [33m=>[39m {
     [90m 78 |[39m         [36mif[39m ([36mtypeof[39m args[[35m0[39m] [33m===[39m [32m'string'[39m 
[33m&&[39m [33mEXPECTED_AT_IMPORT[39m[33m.[39mtest(args[[35m0[39m])) [36mreturn[39m[33m;[39m
    [31m[1m>[22m[39m[90m 79 |[39m         real([33m...[39margs)[33m;[39m
     [90m    |[39m         [31m[1m^[22m[39m
     [90m 80 |[39m     }[33m;[39m
     [90m 81 |[39m }
     [90m 82 |[39m[0m

      at console.<computed> [as warn] (__tests__/setup.ts:79:9)
      at broadcast (api/ws.ts:594:13)
      at ReactProjectTool.execute (modules/tools/definitions/ReactProjectTool.ts:6054:26)
      at __tests__/records-presentation-authoring.test.ts:114:66

    console.warn
      [WS] broadcast called but liveWssRef is null

    [0m [90m 77 |[39m     console[level] [33m=[39m ([33m...[39margs[33m:[39m any[]) [33m=>[39m {
     [90m 78 |[39m         [36mif[39m ([36mtypeof[39m args[[35m0[39m] [33m===[39m [32m'string'[39m 
[33m&&[39m [33mEXPECTED_AT_IMPORT[39m[33m.[39mtest(args[[35m0[39m])) [36mreturn[39m[33m;[39m
    [31m[1m>[22m[39m[90m 79 |[39m         real([33m...[39margs)[33m;[39m
     [90m    |[39m         [31m[1m^[22m[39m
     [90m 80 |[39m     }[33m;[39m
     [90m 81 |[39m }
     [90m 82 |[39m[0m

      at console.<computed> [as warn] (__tests__/setup.ts:79:9)
      at broadcast (api/ws.ts:594:13)
      at broadcastTerminalLine (api/ws.ts:703:5)
      at term (modules/tools/definitions/ReactProjectTool.ts:4340:38)
      at ReactProjectTool.execute (modules/tools/definitions/ReactProjectTool.ts:6259:13)
      at __tests__/records-presentation-authoring.test.ts:114:66

    console.warn
      [WS] broadcast called but liveWssRef is null

    [0m [90m 77 |[39m     console[level] [33m=[39m ([33m...[39margs[33m:[39m any[]) [33m=>[39m {
     [90m 78 |[39m         [36mif[39m ([36mtypeof[39m args[[35m0[39m] [33m===[39m [32m'string'[39m 
[33m&&[39m [33mEXPECTED_AT_IMPORT[39m[33m.[39mtest(args[[35m0[39m])) [36mreturn[39m[33m;[39m
    [31m[1m>[22m[39m[90m 79 |[39m         real([33m...[39margs)[33m;[39m
     [90m    |[39m         [31m[1m^[22m[39m
     [90m 80 |[39m     }[33m;[39m
     [90m 81 |[39m }
     [90m 82 |[39m[0m

      at console.<computed> [as warn] (__tests__/setup.ts:79:9)
      at broadcast (api/ws.ts:594:13)
      at broadcastTerminalLine (api/ws.ts:703:5)
      at term (modules/tools/definitions/ReactProjectTool.ts:4340:38)
      at ReactProjectTool.execute (modules/tools/definitions/ReactProjectTool.ts:6325:21)
      at __tests__/records-presentation-authoring.test.ts:114:37

    console.warn
      [WS] broadcast called but liveWssRef is null

    [0m [90m 77 |[39m     console[level] [33m=[39m ([33m...[39margs[33m:[39m any[]) [33m=>[39m {
     [90m 78 |[39m         [36mif[39m ([36mtypeof[39m args[[35m0[39m] [33m===[39m [32m'string'[39m 
[33m&&[39m [33mEXPECTED_AT_IMPORT[39m[33m.[39mtest(args[[35m0[39m])) [36mreturn[39m[33m;[39m
    [31m[1m>[22m[39m[90m 79 |[39m         real([33m...[39margs)[33m;[39m
     [90m    |[39m         [31m[1m^[22m[39m
     [90m 80 |[39m     }[33m;[39m
     [90m 81 |[39m }
     [90m 82 |[39m[0m

      at console.<computed> [as warn] (__tests__/setup.ts:79:9)
      at broadcast (api/ws.ts:594:13)
      at ReactProjectTool.execute (modules/tools/definitions/ReactProjectTool.ts:4334:24)
      at __tests__/records-presentation-authoring.test.ts:114:66

    console.warn
      [WS] broadcast called but liveWssRef is null

    [0m [90m 77 |[39m     console[level] [33m=[39m ([33m...[39margs[33m:[39m any[]) [33m=>[39m {
     [90m 78 |[39m         [36mif[39m ([36mtypeof[39m args[[35m0[39m] [33m===[39m [32m'string'[39m 
[33m&&[39m [33mEXPECTED_AT_IMPORT[39m[33m.[39mtest(args[[35m0[39m])) [36mreturn[39m[33m;[39m
    [31m[1m>[22m[39m[90m 79 |[39m         real([33m...[39margs)[33m;[39m
     [90m    |[39m         [31m[1m^[22m[39m
     [90m 80 |[39m     }[33m;[39m
     [90m 81 |[39m }
     [90m 82 |[39m[0m

      at console.<computed> [as warn] (__tests__/setup.ts:79:9)
      at broadcast (api/ws.ts:594:13)
      at broadcastTerminalLine (api/ws.ts:703:5)
      at term (modules/tools/definitions/ReactProjectTool.ts:4340:38)
      at ReactProjectTool.execute (modules/tools/definitions/ReactProjectTool.ts:4498:13)
      at __tests__/records-presentation-authoring.test.ts:114:66

    console.warn
      [WS] broadcast called but liveWssRef is null

    [0m [90m 77 |[39m     console[level] [33m=[39m ([33m...[39margs[33m:[39m any[]) [33m=>[39m {
     [90m 78 |[39m         [36mif[39m ([36mtypeof[39m args[[35m0[39m] [33m===[39m [32m'string'[39m 
[33m&&[39m [33mEXPECTED_AT_IMPORT[39m[33m.[39mtest(args[[35m0[39m])) [36mreturn[39m[33m;[39m
    [31m[1m>[22m[39m[90m 79 |[39m         real([33m...[39margs)[33m;[39m
     [90m    |[39m         [31m[1m^[22m[39m
     [90m 80 |[39m     }[33m;[39m
     [90m 81 |[39m }
     [90m 82 |[39m[0m

      at console.<computed> [as warn] (__tests__/setup.ts:79:9)
      at broadcast (api/ws.ts:594:13)
      at ReactProjectTool.execute (modules/tools/definitions/ReactProjectTool.ts:4575:22)
      at __tests__/records-presentation-authoring.test.ts:114:66

    console.warn
      [WS] broadcast called but liveWssRef is null

    [0m [90m 77 |[39m     console[level] [33m=[39m ([33m...[39margs[33m:[39m any[]) [33m=>[39m {
     [90m 78 |[39m         [36mif[39m ([36mtypeof[39m args[[35m0[39m] [33m===[39m [32m'string'[39m 
[33m&&[39m [33mEXPECTED_AT_IMPORT[39m[33m.[39mtest(args[[35m0[39m])) [36mreturn[39m[33m;[39m
    [31m[1m>[22m[39m[90m 79 |[39m         real([33m...[39margs)[33m;[39m
     [90m    |[39m         [31m[1m^[22m[39m
     [90m 80 |[39m     }[33m;[39m
     [90m 81 |[39m }
     [90m 82 |[39m[0m

      at console.<computed> [as warn] (__tests__/setup.ts:79:9)
      at broadcast (api/ws.ts:594:13)
      at broadcastTerminalLine (api/ws.ts:703:5)
      at term (modules/tools/definitions/ReactProjectTool.ts:4340:38)
      at ReactProjectTool.execute (modules/tools/definitions/ReactProjectTool.ts:4678:9)
      at __tests__/records-presentation-authoring.test.ts:114:66

    console.warn
      [WS] broadcast called but liveWssRef is null

    [0m [90m 77 |[39m     console[level] [33m=[39m ([33m...[39margs[33m:[39m any[]) [33m=>[39m {
     [90m 78 |[39m         [36mif[39m ([36mtypeof[39m args[[35m0[39m] [33m===[39m [32m'string'[39m 
[33m&&[39m [33mEXPECTED_AT_IMPORT[39m[33m.[39mtest(args[[35m0[39m])) [36mreturn[39m[33m;[39m
    [31m[1m>[22m[39m[90m 79 |[39m         real([33m...[39margs)[33m;[39m
     [90m    |[39m         [31m[1m^[22m[39m
     [90m 80 |[39m     }[33m;[39m
     [90m 81 |[39m }
     [90m 82 |[39m[0m

      at console.<computed> [as warn] (__tests__/setup.ts:79:9)
      at broadcast (api/ws.ts:594:13)
      at broadcastThinkingDetail (api/ws.ts:725:3)
      at ReactProjectTool.execute (modules/tools/definitions/ReactProjectTool.ts:5075:47)
      at __tests__/records-presentation-authoring.test.ts:114:66

    console.warn
      [WS] broadcast called but liveWssRef is null

    [0m [90m 77 |[39m     console[level] [33m=[39m ([33m...[39margs[33m:[39m any[]) [33m=>[39m {
     [90m 78 |[39m         [36mif[39m ([36mtypeof[39m args[[35m0[39m] [33m===[39m [32m'string'[39m 
[33m&&[39m [33mEXPECTED_AT_IMPORT[39m[33m.[39mtest(args[[35m0[39m])) [36mreturn[39m[33m;[39m
    [31m[1m>[22m[39m[90m 79 |[39m         real([33m...[39margs)[33m;[39m
     [90m    |[39m         [31m[1m^[22m[39m
     [90m 80 |[39m     }[33m;[39m
     [90m 81 |[39m }
     [90m 82 |[39m[0m

      at console.<computed> [as warn] (__tests__/setup.ts:79:9)
      at broadcast (api/ws.ts:594:13)
      at broadcastTerminalLine (api/ws.ts:703:5)
      at term (modules/tools/definitions/ReactProjectTool.ts:4340:38)
      at ReactProjectTool.execute (modules/tools/definitions/ReactProjectTool.ts:5682:13)
      at __tests__/records-presentation-authoring.test.ts:114:66

    console.warn
      [WS] broadcast called but liveWssRef is null

    [0m [90m 77 |[39m     console[level] [33m=[39m ([33m...[39margs[33m:[39m any[]) [33m=>[39m {
     [90m 78 |[39m         [36mif[39m ([36mtypeof[39m args[[35m0[39m] [33m===[39m [32m'string'[39m 
[33m&&[39m [33mEXPECTED_AT_IMPORT[39m[33m.[39mtest(args[[35m0[39m])) [36mreturn[39m[33m;[39m
    [31m[1m>[22m[39m[90m 79 |[39m         real([33m...[39margs)[33m;[39m
     [90m    |[39m         [31m[1m^[22m[39m
     [90m 80 |[39m     }[33m;[39m
     [90m 81 |[39m }
     [90m 82 |[39m[0m

      at console.<computed> [as warn] (__tests__/setup.ts:79:9)
      at broadcast (api/ws.ts:594:13)
      at ReactProjectTool.execute (modules/tools/definitions/ReactProjectTool.ts:6054:26)
      at __tests__/records-presentation-authoring.test.ts:114:66

    console.warn
      [WS] broadcast called but liveWssRef is null

    [0m [90m 77 |[39m     console[level] [33m=[39m ([33m...[39margs[33m:[39m any[]) [33m=>[39m {
     [90m 78 |[39m         [36mif[39m ([36mtypeof[39m args[[35m0[39m] [33m===[39m [32m'string'[39m 
[33m&&[39m [33mEXPECTED_AT_IMPORT[39m[33m.[39mtest(args[[35m0[39m])) [36mreturn[39m[33m;[39m
    [31m[1m>[22m[39m[90m 79 |[39m         real([33m...[39margs)[33m;[39m
     [90m    |[39m         [31m[1m^[22m[39m
     [90m 80 |[39m     }[33m;[39m
     [90m 81 |[39m }
     [90m 82 |[39m[0m

      at console.<computed> [as warn] (__tests__/setup.ts:79:9)
      at broadcast (api/ws.ts:594:13)
      at ReactProjectTool.execute (modules/tools/definitions/ReactProjectTool.ts:6054:26)
      at __tests__/records-presentation-authoring.test.ts:114:66

    console.warn
      [WS] broadcast called but liveWssRef is null

    [0m [90m 77 |[39m     console[level] [33m=[39m ([33m...[39margs[33m:[39m any[]) [33m=>[39m {
     [90m 78 |[39m         [36mif[39m ([36mtypeof[39m args[[35m0[39m] [33m===[39m [32m'string'[39m 
[33m&&[39m [33mEXPECTED_AT_IMPORT[39m[33m.[39mtest(args[[35m0[39m])) [36mreturn[39m[33m;[39m
    [31m[1m>[22m[39m[90m 79 |[39m         real([33m...[39margs)[33m;[39m
     [90m    |[39m         [31m[1m^[22m[39m
     [90m 80 |[39m     }[33m;[39m
     [90m 81 |[39m }
     [90m 82 |[39m[0m

      at console.<computed> [as warn] (__tests__/setup.ts:79:9)
      at broadcast (api/ws.ts:594:13)
      at ReactProjectTool.execute (modules/tools/definitions/ReactProjectTool.ts:6054:26)
      at __tests__/records-presentation-authoring.test.ts:114:66

    console.warn
      [WS] broadcast called but liveWssRef is null

    [0m [90m 77 |[39m     console[level] [33m=[39m ([33m...[39margs[33m:[39m any[]) [33m=>[39m {
     [90m 78 |[39m         [36mif[39m ([36mtypeof[39m args[[35m0[39m] [33m===[39m [32m'string'[39m 
[33m&&[39m [33mEXPECTED_AT_IMPORT[39m[33m.[39mtest(args[[35m0[39m])) [36mreturn[39m[33m;[39m
    [31m[1m>[22m[39m[90m 79 |[39m         real([33m...[39margs)[33m;[39m
     [90m    |[39m         [31m[1m^[22m[39m
     [90m 80 |[39m     }[33m;[39m
     [90m 81 |[39m }
     [90m 82 |[39m[0m

      at console.<computed> [as warn] (__tests__/setup.ts:79:9)
      at broadcast (api/ws.ts:594:13)
      at ReactProjectTool.execute (modules/tools/definitions/ReactProjectTool.ts:6054:26)
      at __tests__/records-presentation-authoring.test.ts:114:66

    console.warn
      [WS] broadcast called but liveWssRef is null

    [0m [90m 77 |[39m     console[level] [33m=[39m ([33m...[39margs[33m:[39m any[]) [33m=>[39m {
     [90m 78 |[39m         [36mif[39m ([36mtypeof[39m args[[35m0[39m] [33m===[39m [32m'string'[39m 
[33m&&[39m [33mEXPECTED_AT_IMPORT[39m[33m.[39mtest(args[[35m0[39m])) [36mreturn[39m[33m;[39m
    [31m[1m>[22m[39m[90m 79 |[39m         real([33m...[39margs)[33m;[39m
     [90m    |[39m         [31m[1m^[22m[39m
     [90m 80 |[39m     }[33m;[39m
     [90m 81 |[39m }
     [90m 82 |[39m[0m

      at console.<computed> [as warn] (__tests__/setup.ts:79:9)
      at broadcast (api/ws.ts:594:13)
      at ReactProjectTool.execute (modules/tools/definitions/ReactProjectTool.ts:6054:26)
      at __tests__/records-presentation-authoring.test.ts:114:66

    console.warn
      [WS] broadcast called but liveWssRef is null

    [0m [90m 77 |[39m     console[level] [33m=[39m ([33m...[39margs[33m:[39m any[]) [33m=>[39m {
     [90m 78 |[39m         [36mif[39m ([36mtypeof[39m args[[35m0[39m] [33m===[39m [32m'string'[39m 
[33m&&[39m [33mEXPECTED_AT_IMPORT[39m[33m.[39mtest(args[[35m0[39m])) [36mreturn[39m[33m;[39m
    [31m[1m>[22m[39m[90m 79 |[39m         real([33m...[39margs)[33m;[39m
     [90m    |[39m         [31m[1m^[22m[39m
     [90m 80 |[39m     }[33m;[39m
     [90m 81 |[39m }
     [90m 82 |[39m[0m

      at console.<computed> [as warn] (__tests__/setup.ts:79:9)
      at broadcast (api/ws.ts:594:13)
      at ReactProjectTool.execute (modules/tools/definitions/ReactProjectTool.ts:6054:26)
      at __tests__/records-presentation-authoring.test.ts:114:66

    console.warn
      [WS] broadcast called but liveWssRef is null

    [0m [90m 77 |[39m     console[level] [33m=[39m ([33m...[39margs[33m:[39m any[]) [33m=>[39m {
     [90m 78 |[39m         [36mif[39m ([36mtypeof[39m args[[35m0[39m] [33m===[39m [32m'string'[39m 
[33m&&[39m [33mEXPECTED_AT_IMPORT[39m[33m.[39mtest(args[[35m0[39m])) [36mreturn[39m[33m;[39m
    [31m[1m>[22m[39m[90m 79 |[39m         real([33m...[39margs)[33m;[39m
     [90m    |[39m         [31m[1m^[22m[39m
     [90m 80 |[39m     }[33m;[39m
     [90m 81 |[39m }
     [90m 82 |[39m[0m

      at console.<computed> [as warn] (__tests__/setup.ts:79:9)
      at broadcast (api/ws.ts:594:13)
      at ReactProjectTool.execute (modules/tools/definitions/ReactProjectTool.ts:6054:26)
      at __tests__/records-presentation-authoring.test.ts:114:66

    console.warn
      [WS] broadcast called but liveWssRef is null

    [0m [90m 77 |[39m     console[level] [33m=[39m ([33m...[39margs[33m:[39m any[]) [33m=>[39m {
     [90m 78 |[39m         [36mif[39m ([36mtypeof[39m args[[35m0[39m] [33m===[39m [32m'string'[39m 
[33m&&[39m [33mEXPECTED_AT_IMPORT[39m[33m.[39mtest(args[[35m0[39m])) [36mreturn[39m[33m;[39m
    [31m[1m>[22m[39m[90m 79 |[39m         real([33m...[39margs)[33m;[39m
     [90m    |[39m         [31m[1m^[22m[39m
     [90m 80 |[39m     }[33m;[39m
     [90m 81 |[39m }
     [90m 82 |[39m[0m

      at console.<computed> [as warn] (__tests__/setup.ts:79:9)
      at broadcast (api/ws.ts:594:13)
      at ReactProjectTool.execute (modules/tools/definitions/ReactProjectTool.ts:6054:26)
      at __tests__/records-presentation-authoring.test.ts:114:66

    console.warn
      [WS] broadcast called but liveWssRef is null

    [0m [90m 77 |[39m     console[level] [33m=[39m ([33m...[39margs[33m:[39m any[]) [33m=>[39m {
     [90m 78 |[39m         [36mif[39m ([36mtypeof[39m args[[35m0[39m] [33m===[39m [32m'string'[39m 
[33m&&[39m [33mEXPECTED_AT_IMPORT[39m[33m.[39mtest(args[[35m0[39m])) [36mreturn[39m[33m;[39m
    [31m[1m>[22m[39m[90m 79 |[39m         real([33m...[39margs)[33m;[39m
     [90m    |[39m         [31m[1m^[22m[39m
     [90m 80 |[39m     }[33m;[39m
     [90m 81 |[39m }
     [90m 82 |[39m[0m

      at console.<computed> [as warn] (__tests__/setup.ts:79:9)
      at broadcast (api/ws.ts:594:13)
      at ReactProjectTool.execute (modules/tools/definitions/ReactProjectTool.ts:6054:26)
      at __tests__/records-presentation-authoring.test.ts:114:66

    console.warn
      [WS] broadcast called but liveWssRef is null

    [0m [90m 77 |[39m     console[level] [33m=[39m ([33m...[39margs[33m:[39m any[]) [33m=>[39m {
     [90m 78 |[39m         [36mif[39m ([36mtypeof[39m args[[35m0[39m] [33m===[39m [32m'string'[39m 
[33m&&[39m [33mEXPECTED_AT_IMPORT[39m[33m.[39mtest(args[[35m0[39m])) [36mreturn[39m[33m;[39m
    [31m[1m>[22m[39m[90m 79 |[39m         real([33m...[39margs)[33m;[39m
     [90m    |[39m         [31m[1m^[22m[39m
     [90m 80 |[39m     }[33m;[39m
     [90m 81 |[39m }
     [90m 82 |[39m[0m

      at console.<computed> [as warn] (__tests__/setup.ts:79:9)
      at broadcast (api/ws.ts:594:13)
      at ReactProjectTool.execute (modules/tools/definitions/ReactProjectTool.ts:6054:26)
      at __tests__/records-presentation-authoring.test.ts:114:66

    console.warn
      [WS] broadcast called but liveWssRef is null

    [0m [90m 77 |[39m     console[level] [33m=[39m ([33m...[39margs[33m:[39m any[]) [33m=>[39m {
     [90m 78 |[39m         [36mif[39m ([36mtypeof[39m args[[35m0[39m] [33m===[39m [32m'string'[39m 
[33m&&[39m [33mEXPECTED_AT_IMPORT[39m[33m.[39mtest(args[[35m0[39m])) [36mreturn[39m[33m;[39m
    [31m[1m>[22m[39m[90m 79 |[39m         real([33m...[39margs)[33m;[39m
     [90m    |[39m         [31m[1m^[22m[39m
     [90m 80 |[39m     }[33m;[39m
     [90m 81 |[39m }
     [90m 82 |[39m[0m

      at console.<computed> [as warn] (__tests__/setup.ts:79:9)
      at broadcast (api/ws.ts:594:13)
      at ReactProjectTool.execute (modules/tools/definitions/ReactProjectTool.ts:6054:26)
      at __tests__/records-presentation-authoring.test.ts:114:66

    console.warn
      [WS] broadcast called but liveWssRef is null

    [0m [90m 77 |[39m     console[level] [33m=[39m ([33m...[39margs[33m:[39m any[]) [33m=>[39m {
     [90m 78 |[39m         [36mif[39m ([36mtypeof[39m args[[35m0[39m] [33m===[39m [32m'string'[39m 
[33m&&[39m [33mEXPECTED_AT_IMPORT[39m[33m.[39mtest(args[[35m0[39m])) [36mreturn[39m[33m;[39m
    [31m[1m>[22m[39m[90m 79 |[39m         real([33m...[39margs)[33m;[39m
     [90m    |[39m         [31m[1m^[22m[39m
     [90m 80 |[39m     }[33m;[39m
     [90m 81 |[39m }
     [90m 82 |[39m[0m

      at console.<computed> [as warn] (__tests__/setup.ts:79:9)
      at broadcast (api/ws.ts:594:13)
      at ReactProjectTool.execute (modules/tools/definitions/ReactProjectTool.ts:6054:26)
      at __tests__/records-presentation-authoring.test.ts:114:66

    console.warn
      [WS] broadcast called but liveWssRef is null

    [0m [90m 77 |[39m     console[level] [33m=[39m ([33m...[39margs[33m:[39m any[]) [33m=>[39m {
     [90m 78 |[39m         [36mif[39m ([36mtypeof[39m args[[35m0[39m] [33m===[39m [32m'string'[39m 
[33m&&[39m [33mEXPECTED_AT_IMPORT[39m[33m.[39mtest(args[[35m0[39m])) [36mreturn[39m[33m;[39m
    [31m[1m>[22m[39m[90m 79 |[39m         real([33m...[39margs)[33m;[39m
     [90m    |[39m         [31m[1m^[22m[39m
     [90m 80 |[39m     }[33m;[39m
     [90m 81 |[39m }
     [90m 82 |[39m[0m

      at console.<computed> [as warn] (__tests__/setup.ts:79:9)
      at broadcast (api/ws.ts:594:13)
      at ReactProjectTool.execute (modules/tools/definitions/ReactProjectTool.ts:6054:26)
      at __tests__/records-presentation-authoring.test.ts:114:66

    console.warn
      [WS] broadcast called but liveWssRef is null

    [0m [90m 77 |[39m     console[level] [33m=[39m ([33m...[39margs[33m:[39m any[]) [33m=>[39m {
     [90m 78 |[39m         [36mif[39m ([36mtypeof[39m args[[35m0[39m] [33m===[39m [32m'string'[39m 
[33m&&[39m [33mEXPECTED_AT_IMPORT[39m[33m.[39mtest(args[[35m0[39m])) [36mreturn[39m[33m;[39m
    [31m[1m>[22m[39m[90m 79 |[39m         real([33m...[39margs)[33m;[39m
     [90m    |[39m         [31m[1m^[22m[39m
     [90m 80 |[39m     }[33m;[39m
     [90m 81 |[39m }
     [90m 82 |[39m[0m

      at console.<computed> [as warn] (__tests__/setup.ts:79:9)
      at broadcast (api/ws.ts:594:13)
      at ReactProjectTool.execute (modules/tools/definitions/ReactProjectTool.ts:6054:26)
      at __tests__/records-presentation-authoring.test.ts:114:66

    console.warn
      [WS] broadcast called but liveWssRef is null

    [0m [90m 77 |[39m     console[level] [33m=[39m ([33m...[39margs[33m:[39m any[]) [33m=>[39m {
     [90m 78 |[39m         [36mif[39m ([36mtypeof[39m args[[35m0[39m] [33m===[39m [32m'string'[39m 
[33m&&[39m [33mEXPECTED_AT_IMPORT[39m[33m.[39mtest(args[[35m0[39m])) [36mreturn[39m[33m;[39m
    [31m[1m>[22m[39m[90m 79 |[39m         real([33m...[39margs)[33m;[39m
     [90m    |[39m         [31m[1m^[22m[39m
     [90m 80 |[39m     }[33m;[39m
     [90m 81 |[39m }
     [90m 82 |[39m[0m

      at console.<computed> [as warn] (__tests__/setup.ts:79:9)
      at broadcast (api/ws.ts:594:13)
      at broadcastTerminalLine (api/ws.ts:703:5)
      at term (modules/tools/definitions/ReactProjectTool.ts:4340:38)
      at ReactProjectTool.execute (modules/tools/definitions/ReactProjectTool.ts:6259:13)
      at __tests__/records-presentation-authoring.test.ts:114:66

    console.warn
      [WS] broadcast called but liveWssRef is null

    [0m [90m 77 |[39m     console[level] [33m=[39m ([33m...[39margs[33m:[39m any[]) [33m=>[39m {
     [90m 78 |[39m         [36mif[39m ([36mtypeof[39m args[[35m0[39m] [33m===[39m [32m'string'[39m 
[33m&&[39m [33mEXPECTED_AT_IMPORT[39m[33m.[39mtest(args[[35m0[39m])) [36mreturn[39m[33m;[39m
    [31m[1m>[22m[39m[90m 79 |[39m         real([33m...[39margs)[33m;[39m
     [90m    |[39m         [31m[1m^[22m[39m
     [90m 80 |[39m     }[33m;[39m
     [90m 81 |[39m }
     [90m 82 |[39m[0m

      at console.<computed> [as warn] (__tests__/setup.ts:79:9)
      at broadcast (api/ws.ts:594:13)
      at broadcastTerminalLine (api/ws.ts:703:5)
      at term (modules/tools/definitions/ReactProjectTool.ts:4340:38)
      at ReactProjectTool.execute (modules/tools/definitions/ReactProjectTool.ts:6325:21)
      at __tests__/records-presentation-authoring.test.ts:114:37

    console.warn
      [WS] broadcast called but liveWssRef is null

    [0m [90m 77 |[39m     console[level] [33m=[39m ([33m...[39margs[33m:[39m any[]) [33m=>[39m {
     [90m 78 |[39m         [36mif[39m ([36mtypeof[39m args[[35m0[39m] [33m===[39m [32m'string'[39m 
[33m&&[39m [33mEXPECTED_AT_IMPORT[39m[33m.[39mtest(args[[35m0[39m])) [36mreturn[39m[33m;[39m
    [31m[1m>[22m[39m[90m 79 |[39m         real([33m...[39margs)[33m;[39m
     [90m    |[39m         [31m[1m^[22m[39m
     [90m 80 |[39m     }[33m;[39m
     [90m 81 |[39m }
     [90m 82 |[39m[0m

      at console.<computed> [as warn] (__tests__/setup.ts:79:9)
      at broadcast (api/ws.ts:594:13)
      at ReactProjectTool.execute (modules/tools/definitions/ReactProjectTool.ts:4334:24)
      at __tests__/records-presentation-authoring.test.ts:114:66

    console.warn
      [WS] broadcast called but liveWssRef is null

    [0m [90m 77 |[39m     console[level] [33m=[39m ([33m...[39margs[33m:[39m any[]) [33m=>[39m {
     [90m 78 |[39m         [36mif[39m ([36mtypeof[39m args[[35m0[39m] [33m===[39m [32m'string'[39m 
[33m&&[39m [33mEXPECTED_AT_IMPORT[39m[33m.[39mtest(args[[35m0[39m])) [36mreturn[39m[33m;[39m
    [31m[1m>[22m[39m[90m 79 |[39m         real([33m...[39margs)[33m;[39m
     [90m    |[39m         [31m[1m^[22m[39m
     [90m 80 |[39m     }[33m;[39m
     [90m 81 |[39m }
     [90m 82 |[39m[0m

      at console.<computed> [as warn] (__tests__/setup.ts:79:9)
      at broadcast (api/ws.ts:594:13)
      at broadcastTerminalLine (api/ws.ts:703:5)
      at term (modules/tools/definitions/ReactProjectTool.ts:4340:38)
      at ReactProjectTool.execute (modules/tools/definitions/ReactProjectTool.ts:4498:13)
      at __tests__/records-presentation-authoring.test.ts:114:66

    console.warn
      [WS] broadcast called but liveWssRef is null

    [0m [90m 77 |[39m     console[level] [33m=[39m ([33m...[39margs[33m:[39m any[]) [33m=>[39m {
     [90m 78 |[39m         [36mif[39m ([36mtypeof[39m args[[35m0[39m] [33m===[39m [32m'string'[39m 
[33m&&[39m [33mEXPECTED_AT_IMPORT[39m[33m.[39mtest(args[[35m0[39m])) [36mreturn[39m[33m;[39m
    [31m[1m>[22m[39m[90m 79 |[39m         real([33m...[39margs)[33m;[39m
     [90m    |[39m         [31m[1m^[22m[39m
     [90m 80 |[39m     }[33m;[39m
     [90m 81 |[39m }
     [90m 82 |[39m[0m

      at console.<computed> [as warn] (__tests__/setup.ts:79:9)
      at broadcast (api/ws.ts:594:13)
      at ReactProjectTool.execute (modules/tools/definitions/ReactProjectTool.ts:4575:22)
      at __tests__/records-presentation-authoring.test.ts:114:66

    console.warn
      [WS] broadcast called but liveWssRef is null

    [0m [90m 77 |[39m     console[level] [33m=[39m ([33m...[39margs[33m:[39m any[]) [33m=>[39m {
     [90m 78 |[39m         [36mif[39m ([36mtypeof[39m args[[35m0[39m] [33m===[39m [32m'string'[39m 
[33m&&[39m [33mEXPECTED_AT_IMPORT[39m[33m.[39mtest(args[[35m0[39m])) [36mreturn[39m[33m;[39m
    [31m[1m>[22m[39m[90m 79 |[39m         real([33m...[39margs)[33m;[39m
     [90m    |[39m         [31m[1m^[22m[39m
     [90m 80 |[39m     }[33m;[39m
     [90m 81 |[39m }
     [90m 82 |[39m[0m

      at console.<computed> [as warn] (__tests__/setup.ts:79:9)
      at broadcast (api/ws.ts:594:13)
      at broadcastTerminalLine (api/ws.ts:703:5)
      at term (modules/tools/definitions/ReactProjectTool.ts:4340:38)
      at ReactProjectTool.execute (modules/tools/definitions/ReactProjectTool.ts:4678:9)
      at __tests__/records-presentation-authoring.test.ts:114:66

    console.warn
      [WS] broadcast called but liveWssRef is null

    [0m [90m 77 |[39m     console[level] [33m=[39m ([33m...[39margs[33m:[39m any[]) [33m=>[39m {
     [90m 78 |[39m         [36mif[39m ([36mtypeof[39m args[[35m0[39m] [33m===[39m [32m'string'[39m 
[33m&&[39m [33mEXPECTED_AT_IMPORT[39m[33m.[39mtest(args[[35m0[39m])) [36mreturn[39m[33m;[39m
    [31m[1m>[22m[39m[90m 79 |[39m         real([33m...[39margs)[33m;[39m
     [90m    |[39m         [31m[1m^[22m[39m
     [90m 80 |[39m     }[33m;[39m
     [90m 81 |[39m }
     [90m 82 |[39m[0m

      at console.<computed> [as warn] (__tests__/setup.ts:79:9)
      at broadcast (api/ws.ts:594:13)
      at broadcastThinkingDetail (api/ws.ts:725:3)
      at ReactProjectTool.execute (modules/tools/definitions/ReactProjectTool.ts:5075:47)
      at __tests__/records-presentation-authoring.test.ts:114:66

    console.warn
      [WS] broadcast called but liveWssRef is null

    [0m [90m 77 |[39m     console[level] [33m=[39m ([33m...[39margs[33m:[39m any[]) [33m=>[39m {
     [90m 78 |[39m         [36mif[39m ([36mtypeof[39m args[[35m0[39m] [33m===[39m [32m'string'[39m 
[33m&&[39m [33mEXPECTED_AT_IMPORT[39m[33m.[39mtest(args[[35m0[39m])) [36mreturn[39m[33m;[39m
    [31m[1m>[22m[39m[90m 79 |[39m         real([33m...[39margs)[33m;[39m
     [90m    |[39m         [31m[1m^[22m[39m
     [90m 80 |[39m     }[33m;[39m
     [90m 81 |[39m }
     [90m 82 |[39m[0m

      at console.<computed> [as warn] (__tests__/setup.ts:79:9)
      at broadcast (api/ws.ts:594:13)
      at broadcastTerminalLine (api/ws.ts:703:5)
      at term (modules/tools/definitions/ReactProjectTool.ts:4340:38)
      at ReactProjectTool.execute (modules/tools/definitions/ReactProjectTool.ts:5682:13)
      at __tests__/records-presentation-authoring.test.ts:114:66

    console.warn
      [WS] broadcast called but liveWssRef is null

    [0m [90m 77 |[39m     console[level] [33m=[39m ([33m...[39margs[33m:[39m any[]) [33m=>[39m {
     [90m 78 |[39m         [36mif[39m ([36mtypeof[39m args[[35m0[39m] [33m===[39m [32m'string'[39m 
[33m&&[39m [33mEXPECTED_AT_IMPORT[39m[33m.[39mtest(args[[35m0[39m])) [36mreturn[39m[33m;[39m
    [31m[1m>[22m[39m[90m 79 |[39m         real([33m...[39margs)[33m;[39m
     [90m    |[39m         [31m[1m^[22m[39m
     [90m 80 |[39m     }[33m;[39m
     [90m 81 |[39m }
     [90m 82 |[39m[0m

      at console.<computed> [as warn] (__tests__/setup.ts:79:9)
      at broadcast (api/ws.ts:594:13)
      at ReactProjectTool.execute (modules/tools/definitions/ReactProjectTool.ts:6054:26)
      at __tests__/records-presentation-authoring.test.ts:114:66

    console.warn
      [WS] broadcast called but liveWssRef is null

    [0m [90m 77 |[39m     console[level] [33m=[39m ([33m...[39margs[33m:[39m any[]) [33m=>[39m {
     [90m 78 |[39m         [36mif[39m ([36mtypeof[39m args[[35m0[39m] [33m===[39m [32m'string'[39m 
[33m&&[39m [33mEXPECTED_AT_IMPORT[39m[33m.[39mtest(args[[35m0[39m])) [36mreturn[39m[33m;[39m
    [31m[1m>[22m[39m[90m 79 |[39m         real([33m...[39margs)[33m;[39m
     [90m    |[39m         [31m[1m^[22m[39m
     [90m 80 |[39m     }[33m;[39m
     [90m 81 |[39m }
     [90m 82 |[39m[0m

      at console.<computed> [as warn] (__tests__/setup.ts:79:9)
      at broadcast (api/ws.ts:594:13)
      at ReactProjectTool.execute (modules/tools/definitions/ReactProjectTool.ts:6054:26)
      at __tests__/records-presentation-authoring.test.ts:114:66

    console.warn
      [WS] broadcast called but liveWssRef is null

    [0m [90m 77 |[39m     console[level] [33m=[39m ([33m...[39margs[33m:[39m any[]) [33m=>[39m {
     [90m 78 |[39m         [36mif[39m ([36mtypeof[39m args[[35m0[39m] [33m===[39m [32m'string'[39m 
[33m&&[39m [33mEXPECTED_AT_IMPORT[39m[33m.[39mtest(args[[35m0[39m])) [36mreturn[39m[33m;[39m
    [31m[1m>[22m[39m[90m 79 |[39m         real([33m...[39margs)[33m;[39m
     [90m    |[39m         [31m[1m^[22m[39m
     [90m 80 |[39m     }[33m;[39m
     [90m 81 |[39m }
     [90m 82 |[39m[0m

      at console.<computed> [as warn] (__tests__/setup.ts:79:9)
      at broadcast (api/ws.ts:594:13)
      at ReactProjectTool.execute (modules/tools/definitions/ReactProjectTool.ts:6054:26)
      at __tests__/records-presentation-authoring.test.ts:114:66

    console.warn
      [WS] broadcast called but liveWssRef is null

    [0m [90m 77 |[39m     console[level] [33m=[39m ([33m...[39margs[33m:[39m any[]) [33m=>[39m {
     [90m 78 |[39m         [36mif[39m ([36mtypeof[39m args[[35m0[39m] [33m===[39m [32m'string'[39m 
[33m&&[39m [33mEXPECTED_AT_IMPORT[39m[33m.[39mtest(args[[35m0[39m])) [36mreturn[39m[33m;[39m
    [31m[1m>[22m[39m[90m 79 |[39m         real([33m...[39margs)[33m;[39m
     [90m    |[39m         [31m[1m^[22m[39m
     [90m 80 |[39m     }[33m;[39m
     [90m 81 |[39m }
     [90m 82 |[39m[0m

      at console.<computed> [as warn] (__tests__/setup.ts:79:9)
      at broadcast (api/ws.ts:594:13)
      at ReactProjectTool.execute (modules/tools/definitions/ReactProjectTool.ts:6054:26)
      at __tests__/records-presentation-authoring.test.ts:114:66

    console.warn
      [WS] broadcast called but liveWssRef is null

    [0m [90m 77 |[39m     console[level] [33m=[39m ([33m...[39margs[33m:[39m any[]) [33m=>[39m {
     [90m 78 |[39m         [36mif[39m ([36mtypeof[39m args[[35m0[39m] [33m===[39m [32m'string'[39m 
[33m&&[39m [33mEXPECTED_AT_IMPORT[39m[33m.[39mtest(args[[35m0[39m])) [36mreturn[39m[33m;[39m
    [31m[1m>[22m[39m[90m 79 |[39m         real([33m...[39margs)[33m;[39m
     [90m    |[39m         [31m[1m^[22m[39m
     [90m 80 |[39m     }[33m;[39m
     [90m 81 |[39m }
     [90m 82 |[39m[0m

      at console.<computed> [as warn] (__tests__/setup.ts:79:9)
      at broadcast (api/ws.ts:594:13)
      at ReactProjectTool.execute (modules/tools/definitions/ReactProjectTool.ts:6054:26)
      at __tests__/records-presentation-authoring.test.ts:114:66

    console.warn
      [WS] broadcast called but liveWssRef is null

    [0m [90m 77 |[39m     console[level] [33m=[39m ([33m...[39margs[33m:[39m any[]) [33m=>[39m {
     [90m 78 |[39m         [36mif[39m ([36mtypeof[39m args[[35m0[39m] [33m===[39m [32m'string'[39m 
[33m&&[39m [33mEXPECTED_AT_IMPORT[39m[33m.[39mtest(args[[35m0[39m])) [36mreturn[39m[33m;[39m
    [31m[1m>[22m[39m[90m 79 |[39m         real([33m...[39margs)[33m;[39m
     [90m    |[39m         [31m[1m^[22m[39m
     [90m 80 |[39m     }[33m;[39m
     [90m 81 |[39m }
     [90m 82 |[39m[0m

      at console.<computed> [as warn] (__tests__/setup.ts:79:9)
      at broadcast (api/ws.ts:594:13)
      at ReactProjectTool.execute (modules/tools/definitions/ReactProjectTool.ts:6054:26)
      at __tests__/records-presentation-authoring.test.ts:114:66

    console.warn
      [WS] broadcast called but liveWssRef is null

    [0m [90m 77 |[39m     console[level] [33m=[39m ([33m...[39margs[33m:[39m any[]) [33m=>[39m {
     [90m 78 |[39m         [36mif[39m ([36mtypeof[39m args[[35m0[39m] [33m===[39m [32m'string'[39m 
[33m&&[39m [33mEXPECTED_AT_IMPORT[39m[33m.[39mtest(args[[35m0[39m])) [36mreturn[39m[33m;[39m
    [31m[1m>[22m[39m[90m 79 |[39m         real([33m...[39margs)[33m;[39m
     [90m    |[39m         [31m[1m^[22m[39m
     [90m 80 |[39m     }[33m;[39m
     [90m 81 |[39m }
     [90m 82 |[39m[0m

      at console.<computed> [as warn] (__tests__/setup.ts:79:9)
      at broadcast (api/ws.ts:594:13)
      at ReactProjectTool.execute (modules/tools/definitions/ReactProjectTool.ts:6054:26)
      at __tests__/records-presentation-authoring.test.ts:114:66

    console.warn
      [WS] broadcast called but liveWssRef is null

    [0m [90m 77 |[39m     console[level] [33m=[39m ([33m...[39margs[33m:[39m any[]) [33m=>[39m {
     [90m 78 |[39m         [36mif[39m ([36mtypeof[39m args[[35m0[39m] [33m===[39m [32m'string'[39m 
[33m&&[39m [33mEXPECTED_AT_IMPORT[39m[33m.[39mtest(args[[35m0[39m])) [36mreturn[39m[33m;[39m
    [31m[1m>[22m[39m[90m 79 |[39m         real([33m...[39margs)[33m;[39m
     [90m    |[39m         [31m[1m^[22m[39m
     [90m 80 |[39m     }[33m;[39m
     [90m 81 |[39m }
     [90m 82 |[39m[0m

      at console.<computed> [as warn] (__tests__/setup.ts:79:9)
      at broadcast (api/ws.ts:594:13)
      at ReactProjectTool.execute (modules/tools/definitions/ReactProjectTool.ts:6054:26)
      at __tests__/records-presentation-authoring.test.ts:114:66

    console.warn
      [WS] broadcast called but liveWssRef is null

    [0m [90m 77 |[39m     console[level] [33m=[39m ([33m...[39margs[33m:[39m any[]) [33m=>[39m {
     [90m 78 |[39m         [36mif[39m ([36mtypeof[39m args[[35m0[39m] [33m===[39m [32m'string'[39m 
[33m&&[39m [33mEXPECTED_AT_IMPORT[39m[33m.[39mtest(args[[35m0[39m])) [36mreturn[39m[33m;[39m
    [31m[1m>[22m[39m[90m 79 |[39m         real([33m...[39margs)[33m;[39m
     [90m    |[39m         [31m[1m^[22m[39m
     [90m 80 |[39m     }[33m;[39m
     [90m 81 |[39m }
     [90m 82 |[39m[0m

      at console.<computed> [as warn] (__tests__/setup.ts:79:9)
      at broadcast (api/ws.ts:594:13)
      at ReactProjectTool.execute (modules/tools/definitions/ReactProjectTool.ts:6054:26)
      at __tests__/records-presentation-authoring.test.ts:114:66

    console.warn
      [WS] broadcast called but liveWssRef is null

    [0m [90m 77 |[39m     console[level] [33m=[39m ([33m...[39margs[33m:[39m any[]) [33m=>[39m {
     [90m 78 |[39m         [36mif[39m ([36mtypeof[39m args[[35m0[39m] [33m===[39m [32m'string'[39m 
[33m&&[39m [33mEXPECTED_AT_IMPORT[39m[33m.[39mtest(args[[35m0[39m])) [36mreturn[39m[33m;[39m
    [31m[1m>[22m[39m[90m 79 |[39m         real([33m...[39margs)[33m;[39m
     [90m    |[39m         [31m[1m^[22m[39m
     [90m 80 |[39m     }[33m;[39m
     [90m 81 |[39m }
     [90m 82 |[39m[0m

      at console.<computed> [as warn] (__tests__/setup.ts:79:9)
      at broadcast (api/ws.ts:594:13)
      at ReactProjectTool.execute (modules/tools/definitions/ReactProjectTool.ts:6054:26)
      at __tests__/records-presentation-authoring.test.ts:114:66

    console.warn
      [WS] broadcast called but liveWssRef is null

    [0m [90m 77 |[39m     console[level] [33m=[39m ([33m...[39margs[33m:[39m any[]) [33m=>[39m {
     [90m 78 |[39m         [36mif[39m ([36mtypeof[39m args[[35m0[39m] [33m===[39m [32m'string'[39m 
[33m&&[39m [33mEXPECTED_AT_IMPORT[39m[33m.[39mtest(args[[35m0[39m])) [36mreturn[39m[33m;[39m
    [31m[1m>[22m[39m[90m 79 |[39m         real([33m...[39margs)[33m;[39m
     [90m    |[39m         [31m[1m^[22m[39m
     [90m 80 |[39m     }[33m;[39m
     [90m 81 |[39m }
     [90m 82 |[39m[0m

      at console.<computed> [as warn] (__tests__/setup.ts:79:9)
      at broadcast (api/ws.ts:594:13)
      at ReactProjectTool.execute (modules/tools/definitions/ReactProjectTool.ts:6054:26)
      at __tests__/records-presentation-authoring.test.ts:114:66

    console.warn
      [WS] broadcast called but liveWssRef is null

    [0m [90m 77 |[39m     console[level] [33m=[39m ([33m...[39margs[33m:[39m any[]) [33m=>[39m {
     [90m 78 |[39m         [36mif[39m ([36mtypeof[39m args[[35m0[39m] [33m===[39m [32m'string'[39m 
[33m&&[39m [33mEXPECTED_AT_IMPORT[39m[33m.[39mtest(args[[35m0[39m])) [36mreturn[39m[33m;[39m
    [31m[1m>[22m[39m[90m 79 |[39m         real([33m...[39margs)[33m;[39m
     [90m    |[39m         [31m[1m^[22m[39m
     [90m 80 |[39m     }[33m;[39m
     [90m 81 |[39m }
     [90m 82 |[39m[0m

      at console.<computed> [as warn] (__tests__/setup.ts:79:9)
      at broadcast (api/ws.ts:594:13)
      at ReactProjectTool.execute (modules/tools/definitions/ReactProjectTool.ts:6054:26)
      at __tests__/records-presentation-authoring.test.ts:114:66

    console.warn
      [WS] broadcast called but liveWssRef is null

    [0m [90m 77 |[39m     console[level] [33m=[39m ([33m...[39margs[33m:[39m any[]) [33m=>[39m {
     [90m 78 |[39m         [36mif[39m ([36mtypeof[39m args[[35m0[39m] [33m===[39m [32m'string'[39m 
[33m&&[39m [33mEXPECTED_AT_IMPORT[39m[33m.[39mtest(args[[35m0[39m])) [36mreturn[39m[33m;[39m
    [31m[1m>[22m[39m[90m 79 |[39m         real([33m...[39margs)[33m;[39m
     [90m    |[39m         [31m[1m^[22m[39m
     [90m 80 |[39m     }[33m;[39m
     [90m 81 |[39m }
     [90m 82 |[39m[0m

      at console.<computed> [as warn] (__tests__/setup.ts:79:9)
      at broadcast (api/ws.ts:594:13)
      at ReactProjectTool.execute (modules/tools/definitions/ReactProjectTool.ts:6054:26)
      at __tests__/records-presentation-authoring.test.ts:114:66

    console.warn
      [WS] broadcast called but liveWssRef is null

    [0m [90m 77 |[39m     console[level] [33m=[39m ([33m...[39margs[33m:[39m any[]) [33m=>[39m {
     [90m 78 |[39m         [36mif[39m ([36mtypeof[39m args[[35m0[39m] [33m===[39m [32m'string'[39m 
[33m&&[39m [33mEXPECTED_AT_IMPORT[39m[33m.[39mtest(args[[35m0[39m])) [36mreturn[39m[33m;[39m
    [31m[1m>[22m[39m[90m 79 |[39m         real([33m...[39margs)[33m;[39m
     [90m    |[39m         [31m[1m^[22m[39m
     [90m 80 |[39m     }[33m;[39m
     [90m 81 |[39m }
     [90m 82 |[39m[0m

      at console.<computed> [as warn] (__tests__/setup.ts:79:9)
      at broadcast (api/ws.ts:594:13)
      at ReactProjectTool.execute (modules/tools/definitions/ReactProjectTool.ts:6054:26)
      at __tests__/records-presentation-authoring.test.ts:114:66

    console.warn
      [WS] broadcast called but liveWssRef is null

    [0m [90m 77 |[39m     console[level] [33m=[39m ([33m...[39margs[33m:[39m any[]) [33m=>[39m {
     [90m 78 |[39m         [36mif[39m ([36mtypeof[39m args[[35m0[39m] [33m===[39m [32m'string'[39m 
[33m&&[39m [33mEXPECTED_AT_IMPORT[39m[33m.[39mtest(args[[35m0[39m])) [36mreturn[39m[33m;[39m
    [31m[1m>[22m[39m[90m 79 |[39m         real([33m...[39margs)[33m;[39m
     [90m    |[39m         [31m[1m^[22m[39m
     [90m 80 |[39m     }[33m;[39m
     [90m 81 |[39m }
     [90m 82 |[39m[0m

      at console.<computed> [as warn] (__tests__/setup.ts:79:9)
      at broadcast (api/ws.ts:594:13)
      at broadcastTerminalLine (api/ws.ts:703:5)
      at term (modules/tools/definitions/ReactProjectTool.ts:4340:38)
      at ReactProjectTool.execute (modules/tools/definitions/ReactProjectTool.ts:6259:13)
      at __tests__/records-presentation-authoring.test.ts:114:66

    console.warn
      [WS] broadcast called but liveWssRef is null

    [0m [90m 77 |[39m     console[level] [33m=[39m ([33m...[39margs[33m:[39m any[]) [33m=>[39m {
     [90m 78 |[39m         [36mif[39m ([36mtypeof[39m args[[35m0[39m] [33m===[39m [32m'string'[39m 
[33m&&[39m [33mEXPECTED_AT_IMPORT[39m[33m.[39mtest(args[[35m0[39m])) [36mreturn[39m[33m;[39m
    [31m[1m>[22m[39m[90m 79 |[39m         real([33m...[39margs)[33m;[39m
     [90m    |[39m         [31m[1m^[22m[39m
     [90m 80 |[39m     }[33m;[39m
     [90m 81 |[39m }
     [90m 82 |[39m[0m

      at console.<computed> [as warn] (__tests__/setup.ts:79:9)
      at broadcast (api/ws.ts:594:13)
      at broadcastTerminalLine (api/ws.ts:703:5)
      at term (modules/tools/definitions/ReactProjectTool.ts:4340:38)
      at ReactProjectTool.execute (modules/tools/definitions/ReactProjectTool.ts:6325:21)
      at __tests__/records-presentation-authoring.test.ts:114:37

    console.warn
      [WS] broadcast called but liveWssRef is null

    [0m [90m 77 |[39m     console[level] [33m=[39m ([33m...[39margs[33m:[39m any[]) [33m=>[39m {
     [90m 78 |[39m         [36mif[39m ([36mtypeof[39m args[[35m0[39m] [33m===[39m [32m'string'[39m 
[33m&&[39m [33mEXPECTED_AT_IMPORT[39m[33m.[39mtest(args[[35m0[39m])) [36mreturn[39m[33m;[39m
    [31m[1m>[22m[39m[90m 79 |[39m         real([33m...[39margs)[33m;[39m
     [90m    |[39m         [31m[1m^[22m[39m
     [90m 80 |[39m     }[33m;[39m
     [90m 81 |[39m }
     [90m 82 |[39m[0m

      at console.<computed> [as warn] (__tests__/setup.ts:79:9)
      at broadcast (api/ws.ts:594:13)
      at ReactProjectTool.execute (modules/tools/definitions/ReactProjectTool.ts:4334:24)
      at __tests__/records-presentation-authoring.test.ts:114:66

    console.warn
      [WS] broadcast called but liveWssRef is null

    [0m [90m 77 |[39m     console[level] [33m=[39m ([33m...[39margs[33m:[39m any[]) [33m=>[39m {
     [90m 78 |[39m         [36mif[39m ([36mtypeof[39m args[[35m0[39m] [33m===[39m [32m'string'[39m 
[33m&&[39m [33mEXPECTED_AT_IMPORT[39m[33m.[39mtest(args[[35m0[39m])) [36mreturn[39m[33m;[39m
    [31m[1m>[22m[39m[90m 79 |[39m         real([33m...[39margs)[33m;[39m
     [90m    |[39m         [31m[1m^[22m[39m
     [90m 80 |[39m     }[33m;[39m
     [90m 81 |[39m }
     [90m 82 |[39m[0m

      at console.<computed> [as warn] (__tests__/setup.ts:79:9)
      at broadcast (api/ws.ts:594:13)
      at broadcastTerminalLine (api/ws.ts:703:5)
      at term (modules/tools/definitions/ReactProjectTool.ts:4340:38)
      at ReactProjectTool.execute (modules/tools/definitions/ReactProjectTool.ts:4498:13)
      at __tests__/records-presentation-authoring.test.ts:114:66

    console.warn
      [WS] broadcast called but liveWssRef is null

    [0m [90m 77 |[39m     console[level] [33m=[39m ([33m...[39margs[33m:[39m any[]) [33m=>[39m {
     [90m 78 |[39m         [36mif[39m ([36mtypeof[39m args[[35m0[39m] [33m===[39m [32m'string'[39m 
[33m&&[39m [33mEXPECTED_AT_IMPORT[39m[33m.[39mtest(args[[35m0[39m])) [36mreturn[39m[33m;[39m
    [31m[1m>[22m[39m[90m 79 |[39m         real([33m...[39margs)[33m;[39m
     [90m    |[39m         [31m[1m^[22m[39m
     [90m 80 |[39m     }[33m;[39m
     [90m 81 |[39m }
     [90m 82 |[39m[0m

      at console.<computed> [as warn] (__tests__/setup.ts:79:9)
      at broadcast (api/ws.ts:594:13)
      at ReactProjectTool.execute (modules/tools/definitions/ReactProjectTool.ts:4575:22)
      at __tests__/records-presentation-authoring.test.ts:114:66

    console.warn
      [WS] broadcast called but liveWssRef is null

    [0m [90m 77 |[39m     console[level] [33m=[39m ([33m...[39margs[33m:[39m any[]) [33m=>[39m {
     [90m 78 |[39m         [36mif[39m ([36mtypeof[39m args[[35m0[39m] [33m===[39m [32m'string'[39m 
[33m&&[39m [33mEXPECTED_AT_IMPORT[39m[33m.[39mtest(args[[35m0[39m])) [36mreturn[39m[33m;[39m
    [31m[1m>[22m[39m[90m 79 |[39m         real([33m...[39margs)[33m;[39m
     [90m    |[39m         [31m[1m^[22m[39m
     [90m 80 |[39m     }[33m;[39m
     [90m 81 |[39m }
     [90m 82 |[39m[0m

      at console.<computed> [as warn] (__tests__/setup.ts:79:9)
      at broadcast (api/ws.ts:594:13)
      at broadcastTerminalLine (api/ws.ts:703:5)
      at term (modules/tools/definitions/ReactProjectTool.ts:4340:38)
      at ReactProjectTool.execute (modules/tools/definitions/ReactProjectTool.ts:4678:9)
      at __tests__/records-presentation-authoring.test.ts:114:66

    console.warn
      [WS] broadcast called but liveWssRef is null

    [0m [90m 77 |[39m     console[level] [33m=[39m ([33m...[39margs[33m:[39m any[]) [33m=>[39m {
     [90m 78 |[39m         [36mif[39m ([36mtypeof[39m args[[35m0[39m] [33m===[39m [32m'string'[39m 
[33m&&[39m [33mEXPECTED_AT_IMPORT[39m[33m.[39mtest(args[[35m0[39m])) [36mreturn[39m[33m;[39m
    [31m[1m>[22m[39m[90m 79 |[39m         real([33m...[39margs)[33m;[39m
     [90m    |[39m         [31m[1m^[22m[39m
     [90m 80 |[39m     }[33m;[39m
     [90m 81 |[39m }
     [90m 82 |[39m[0m

      at console.<computed> [as warn] (__tests__/setup.ts:79:9)
      at broadcast (api/ws.ts:594:13)
      at broadcastThinkingDetail (api/ws.ts:725:3)
      at ReactProjectTool.execute (modules/tools/definitions/ReactProjectTool.ts:5075:47)
      at __tests__/records-presentation-authoring.test.ts:114:66

    console.warn
      [WS] broadcast called but liveWssRef is null

    [0m [90m 77 |[39m     console[level] [33m=[39m ([33m...[39margs[33m:[39m any[]) [33m=>[39m {
     [90m 78 |[39m         [36mif[39m ([36mtypeof[39m args[[35m0[39m] [33m===[39m [32m'string'[39m 
[33m&&[39m [33mEXPECTED_AT_IMPORT[39m[33m.[39mtest(args[[35m0[39m])) [36mreturn[39m[33m;[39m
    [31m[1m>[22m[39m[90m 79 |[39m         real([33m...[39margs)[33m;[39m
     [90m    |[39m         [31m[1m^[22m[39m
     [90m 80 |[39m     }[33m;[39m
     [90m 81 |[39m }
     [90m 82 |[39m[0m

      at console.<computed> [as warn] (__tests__/setup.ts:79:9)
      at broadcast (api/ws.ts:594:13)
      at broadcastTerminalLine (api/ws.ts:703:5)
      at term (modules/tools/definitions/ReactProjectTool.ts:4340:38)
      at ReactProjectTool.execute (modules/tools/definitions/ReactProjectTool.ts:5682:13)
      at __tests__/records-presentation-authoring.test.ts:114:66

    console.warn
      [WS] broadcast called but liveWssRef is null

    [0m [90m 77 |[39m     console[level] [33m=[39m ([33m...[39margs[33m:[39m any[]) [33m=>[39m {
     [90m 78 |[39m         [36mif[39m ([36mtypeof[39m args[[35m0[39m] [33m===[39m [32m'string'[39m 
[33m&&[39m [33mEXPECTED_AT_IMPORT[39m[33m.[39mtest(args[[35m0[39m])) [36mreturn[39m[33m;[39m
    [31m[1m>[22m[39m[90m 79 |[39m         real([33m...[39margs)[33m;[39m
     [90m    |[39m         [31m[1m^[22m[39m
     [90m 80 |[39m     }[33m;[39m
     [90m 81 |[39m }
     [90m 82 |[39m[0m

      at console.<computed> [as warn] (__tests__/setup.ts:79:9)
      at broadcast (api/ws.ts:594:13)
      at ReactProjectTool.execute (modules/tools/definitions/ReactProjectTool.ts:6054:26)
      at __tests__/records-presentation-authoring.test.ts:114:66

    console.warn
      [WS] broadcast called but liveWssRef is null

    [0m [90m 77 |[39m     console[level] [33m=[39m ([33m...[39margs[33m:[39m any[]) [33m=>[39m {
     [90m 78 |[39m         [36mif[39m ([36mtypeof[39m args[[35m0[39m] [33m===[39m [32m'string'[39m 
[33m&&[39m [33mEXPECTED_AT_IMPORT[39m[33m.[39mtest(args[[35m0[39m])) [36mreturn[39m[33m;[39m
    [31m[1m>[22m[39m[90m 79 |[39m         real([33m...[39margs)[33m;[39m
     [90m    |[39m         [31m[1m^[22m[39m
     [90m 80 |[39m     }[33m;[39m
     [90m 81 |[39m }
     [90m 82 |[39m[0m

      at console.<computed> [as warn] (__tests__/setup.ts:79:9)
      at broadcast (api/ws.ts:594:13)
      at ReactProjectTool.execute (modules/tools/definitions/ReactProjectTool.ts:6054:26)
      at __tests__/records-presentation-authoring.test.ts:114:66

    console.warn
      [WS] broadcast called but liveWssRef is null

    [0m [90m 77 |[39m     console[level] [33m=[39m ([33m...[39margs[33m:[39m any[]) [33m=>[39m {
     [90m 78 |[39m         [36mif[39m ([36mtypeof[39m args[[35m0[39m] [33m===[39m [32m'string'[39m 
[33m&&[39m [33mEXPECTED_AT_IMPORT[39m[33m.[39mtest(args[[35m0[39m])) [36mreturn[39m[33m;[39m
    [31m[1m>[22m[39m[90m 79 |[39m         real([33m...[39margs)[33m;[39m
     [90m    |[39m         [31m[1m^[22m[39m
     [90m 80 |[39m     }[33m;[39m
     [90m 81 |[39m }
     [90m 82 |[39m[0m

      at console.<computed> [as warn] (__tests__/setup.ts:79:9)
      at broadcast (api/ws.ts:594:13)
      at ReactProjectTool.execute (modules/tools/definitions/ReactProjectTool.ts:6054:26)
      at __tests__/records-presentation-authoring.test.ts:114:66

    console.warn
      [WS] broadcast called but liveWssRef is null

    [0m [90m 77 |[39m     console[level] [33m=[39m ([33m...[39margs[33m:[39m any[]) [33m=>[39m {
     [90m 78 |[39m         [36mif[39m ([36mtypeof[39m args[[35m0[39m] [33m===[39m [32m'string'[39m 
[33m&&[39m [33mEXPECTED_AT_IMPORT[39m[33m.[39mtest(args[[35m0[39m])) [36mreturn[39m[33m;[39m
    [31m[1m>[22m[39m[90m 79 |[39m         real([33m...[39margs)[33m;[39m
     [90m    |[39m         [31m[1m^[22m[39m
     [90m 80 |[39m     }[33m;[39m
     [90m 81 |[39m }
     [90m 82 |[39m[0m

      at console.<computed> [as warn] (__tests__/setup.ts:79:9)
      at broadcast (api/ws.ts:594:13)
      at ReactProjectTool.execute (modules/tools/definitions/ReactProjectTool.ts:6054:26)
      at __tests__/records-presentation-authoring.test.ts:114:66

    console.warn
      [WS] broadcast called but liveWssRef is null

    [0m [90m 77 |[39m     console[level] [33m=[39m ([33m...[39margs[33m:[39m any[]) [33m=>[39m {
     [90m 78 |[39m         [36mif[39m ([36mtypeof[39m args[[35m0[39m] [33m===[39m [32m'string'[39m 
[33m&&[39m [33mEXPECTED_AT_IMPORT[39m[33m.[39mtest(args[[35m0[39m])) [36mreturn[39m[33m;[39m
    [31m[1m>[22m[39m[90m 79 |[39m         real([33m...[39margs)[33m;[39m
     [90m    |[39m         [31m[1m^[22m[39m
     [90m 80 |[39m     }[33m;[39m
     [90m 81 |[39m }
     [90m 82 |[39m[0m

      at console.<computed> [as warn] (__tests__/setup.ts:79:9)
      at broadcast (api/ws.ts:594:13)
      at ReactProjectTool.execute (modules/tools/definitions/ReactProjectTool.ts:6054:26)
      at __tests__/records-presentation-authoring.test.ts:114:66

    console.warn
      [WS] broadcast called but liveWssRef is null

    [0m [90m 77 |[39m     console[level] [33m=[39m ([33m...[39margs[33m:[39m any[]) [33m=>[39m {
     [90m 78 |[39m         [36mif[39m ([36mtypeof[39m args[[35m0[39m] [33m===[39m [32m'string'[39m 
[33m&&[39m [33mEXPECTED_AT_IMPORT[39m[33m.[39mtest(args[[35m0[39m])) [36mreturn[39m[33m;[39m
    [31m[1m>[22m[39m[90m 79 |[39m         real([33m...[39margs)[33m;[39m
     [90m    |[39m         [31m[1m^[22m[39m
     [90m 80 |[39m     }[33m;[39m
     [90m 81 |[39m }
     [90m 82 |[39m[0m

      at console.<computed> [as warn] (__tests__/setup.ts:79:9)
      at broadcast (api/ws.ts:594:13)
      at ReactProjectTool.execute (modules/tools/definitions/ReactProjectTool.ts:6054:26)
      at __tests__/records-presentation-authoring.test.ts:114:66

    console.warn
      [WS] broadcast called but liveWssRef is null

    [0m [90m 77 |[39m     console[level] [33m=[39m ([33m...[39margs[33m:[39m any[]) [33m=>[39m {
     [90m 78 |[39m         [36mif[39m ([36mtypeof[39m args[[35m0[39m] [33m===[39m [32m'string'[39m 
[33m&&[39m [33mEXPECTED_AT_IMPORT[39m[33m.[39mtest(args[[35m0[39m])) [36mreturn[39m[33m;[39m
    [31m[1m>[22m[39m[90m 79 |[39m         real([33m...[39margs)[33m;[39m
     [90m    |[39m         [31m[1m^[22m[39m
     [90m 80 |[39m     }[33m;[39m
     [90m 81 |[39m }
     [90m 82 |[39m[0m

      at console.<computed> [as warn] (__tests__/setup.ts:79:9)
      at broadcast (api/ws.ts:594:13)
      at ReactProjectTool.execute (modules/tools/definitions/ReactProjectTool.ts:6054:26)
      at __tests__/records-presentation-authoring.test.ts:114:66

    console.warn
      [WS] broadcast called but liveWssRef is null

    [0m [90m 77 |[39m     console[level] [33m=[39m ([33m...[39margs[33m:[39m any[]) [33m=>[39m {
     [90m 78 |[39m         [36mif[39m ([36mtypeof[39m args[[35m0[39m] [33m===[39m [32m'string'[39m 
[33m&&[39m [33mEXPECTED_AT_IMPORT[39m[33m.[39mtest(args[[35m0[39m])) [36mreturn[39m[33m;[39m
    [31m[1m>[22m[39m[90m 79 |[39m         real([33m...[39margs)[33m;[39m
     [90m    |[39m         [31m[1m^[22m[39m
     [90m 80 |[39m     }[33m;[39m
     [90m 81 |[39m }
     [90m 82 |[39m[0m

      at console.<computed> [as warn] (__tests__/setup.ts:79:9)
      at broadcast (api/ws.ts:594:13)
      at ReactProjectTool.execute (modules/tools/definitions/ReactProjectTool.ts:6054:26)
      at __tests__/records-presentation-authoring.test.ts:114:66

    console.warn
      [WS] broadcast called but liveWssRef is null

    [0m [90m 77 |[39m     console[level] [33m=[39m ([33m...[39margs[33m:[39m any[]) [33m=>[39m {
     [90m 78 |[39m         [36mif[39m ([36mtypeof[39m args[[35m0[39m] [33m===[39m [32m'string'[39m 
[33m&&[39m [33mEXPECTED_AT_IMPORT[39m[33m.[39mtest(args[[35m0[39m])) [36mreturn[39m[33m;[39m
    [31m[1m>[22m[39m[90m 79 |[39m         real([33m...[39margs)[33m;[39m
     [90m    |[39m         [31m[1m^[22m[39m
     [90m 80 |[39m     }[33m;[39m
     [90m 81 |[39m }
     [90m 82 |[39m[0m

      at console.<computed> [as warn] (__tests__/setup.ts:79:9)
      at broadcast (api/ws.ts:594:13)
      at ReactProjectTool.execute (modules/tools/definitions/ReactProjectTool.ts:6054:26)
      at __tests__/records-presentation-authoring.test.ts:114:66

    console.warn
      [WS] broadcast called but liveWssRef is null

    [0m [90m 77 |[39m     console[level] [33m=[39m ([33m...[39margs[33m:[39m any[]) [33m=>[39m {
     [90m 78 |[39m         [36mif[39m ([36mtypeof[39m args[[35m0[39m] [33m===[39m [32m'string'[39m 
[33m&&[39m [33mEXPECTED_AT_IMPORT[39m[33m.[39mtest(args[[35m0[39m])) [36mreturn[39m[33m;[39m
    [31m[1m>[22m[39m[90m 79 |[39m         real([33m...[39margs)[33m;[39m
     [90m    |[39m         [31m[1m^[22m[39m
     [90m 80 |[39m     }[33m;[39m
     [90m 81 |[39m }
     [90m 82 |[39m[0m

      at console.<computed> [as warn] (__tests__/setup.ts:79:9)
      at broadcast (api/ws.ts:594:13)
      at ReactProjectTool.execute (modules/tools/definitions/ReactProjectTool.ts:6054:26)
      at __tests__/records-presentation-authoring.test.ts:114:66

    console.warn
      [WS] broadcast called but liveWssRef is null

    [0m [90m 77 |[39m     console[level] [33m=[39m ([33m...[39margs[33m:[39m any[]) [33m=>[39m {
     [90m 78 |[39m         [36mif[39m ([36mtypeof[39m args[[35m0[39m] [33m===[39m [32m'string'[39m 
[33m&&[39m [33mEXPECTED_AT_IMPORT[39m[33m.[39mtest(args[[35m0[39m])) [36mreturn[39m[33m;[39m
    [31m[1m>[22m[39m[90m 79 |[39m         real([33m...[39margs)[33m;[39m
     [90m    |[39m         [31m[1m^[22m[39m
     [90m 80 |[39m     }[33m;[39m
     [90m 81 |[39m }
     [90m 82 |[39m[0m

      at console.<computed> [as warn] (__tests__/setup.ts:79:9)
      at broadcast (api/ws.ts:594:13)
      at ReactProjectTool.execute (modules/tools/definitions/ReactProjectTool.ts:6054:26)
      at __tests__/records-presentation-authoring.test.ts:114:66

    console.warn
      [WS] broadcast called but liveWssRef is null

    [0m [90m 77 |[39m     console[level] [33m=[39m ([33m...[39margs[33m:[39m any[]) [33m=>[39m {
     [90m 78 |[39m         [36mif[39m ([36mtypeof[39m args[[35m0[39m] [33m===[39m [32m'string'[39m 
[33m&&[39m [33mEXPECTED_AT_IMPORT[39m[33m.[39mtest(args[[35m0[39m])) [36mreturn[39m[33m;[39m
    [31m[1m>[22m[39m[90m 79 |[39m         real([33m...[39margs)[33m;[39m
     [90m    |[39m         [31m[1m^[22m[39m
     [90m 80 |[39m     }[33m;[39m
     [90m 81 |[39m }
     [90m 82 |[39m[0m

      at console.<computed> [as warn] (__tests__/setup.ts:79:9)
      at broadcast (api/ws.ts:594:13)
      at ReactProjectTool.execute (modules/tools/definitions/ReactProjectTool.ts:6054:26)
      at __tests__/records-presentation-authoring.test.ts:114:66

    console.warn
      [WS] broadcast called but liveWssRef is null

    [0m [90m 77 |[39m     console[level] [33m=[39m ([33m...[39margs[33m:[39m any[]) [33m=>[39m {
     [90m 78 |[39m         [36mif[39m ([36mtypeof[39m args[[35m0[39m] [33m===[39m [32m'string'[39m 
[33m&&[39m [33mEXPECTED_AT_IMPORT[39m[33m.[39mtest(args[[35m0[39m])) [36mreturn[39m[33m;[39m
    [31m[1m>[22m[39m[90m 79 |[39m         real([33m...[39margs)[33m;[39m
     [90m    |[39m         [31m[1m^[22m[39m
     [90m 80 |[39m     }[33m;[39m
     [90m 81 |[39m }
     [90m 82 |[39m[0m

      at console.<computed> [as warn] (__tests__/setup.ts:79:9)
      at broadcast (api/ws.ts:594:13)
      at ReactProjectTool.execute (modules/tools/definitions/ReactProjectTool.ts:6054:26)
      at __tests__/records-presentation-authoring.test.ts:114:66

    console.warn
      [WS] broadcast called but liveWssRef is null

    [0m [90m 77 |[39m     console[level] [33m=[39m ([33m...[39margs[33m:[39m any[]) [33m=>[39m {
     [90m 78 |[39m         [36mif[39m ([36mtypeof[39m args[[35m0[39m] [33m===[39m [32m'string'[39m 
[33m&&[39m [33mEXPECTED_AT_IMPORT[39m[33m.[39mtest(args[[35m0[39m])) [36mreturn[39m[33m;[39m
    [31m[1m>[22m[39m[90m 79 |[39m         real([33m...[39margs)[33m;[39m
     [90m    |[39m         [31m[1m^[22m[39m
     [90m 80 |[39m     }[33m;[39m
     [90m 81 |[39m }
     [90m 82 |[39m[0m

      at console.<computed> [as warn] (__tests__/setup.ts:79:9)
      at broadcast (api/ws.ts:594:13)
      at ReactProjectTool.execute (modules/tools/definitions/ReactProjectTool.ts:6054:26)
      at __tests__/records-presentation-authoring.test.ts:114:66

    console.warn
      [WS] broadcast called but liveWssRef is null

    [0m [90m 77 |[39m     console[level] [33m=[39m ([33m...[39margs[33m:[39m any[]) [33m=>[39m {
     [90m 78 |[39m         [36mif[39m ([36mtypeof[39m args[[35m0[39m] [33m===[39m [32m'string'[39m 
[33m&&[39m [33mEXPECTED_AT_IMPORT[39m[33m.[39mtest(args[[35m0[39m])) [36mreturn[39m[33m;[39m
    [31m[1m>[22m[39m[90m 79 |[39m         real([33m...[39margs)[33m;[39m
     [90m    |[39m         [31m[1m^[22m[39m
     [90m 80 |[39m     }[33m;[39m
     [90m 81 |[39m }
     [90m 82 |[39m[0m

      at console.<computed> [as warn] (__tests__/setup.ts:79:9)
      at broadcast (api/ws.ts:594:13)
      at broadcastTerminalLine (api/ws.ts:703:5)
      at term (modules/tools/definitions/ReactProjectTool.ts:4340:38)
      at ReactProjectTool.execute (modules/tools/definitions/ReactProjectTool.ts:6259:13)
      at __tests__/records-presentation-authoring.test.ts:114:66

    console.warn
      [WS] broadcast called but liveWssRef is null

    [0m [90m 77 |[39m     console[level] [33m=[39m ([33m...[39margs[33m:[39m any[]) [33m=>[39m {
     [90m 78 |[39m         [36mif[39m ([36mtypeof[39m args[[35m0[39m] [33m===[39m [32m'string'[39m 
[33m&&[39m [33mEXPECTED_AT_IMPORT[39m[33m.[39mtest(args[[35m0[39m])) [36mreturn[39m[33m;[39m
    [31m[1m>[22m[39m[90m 79 |[39m         real([33m...[39margs)[33m;[39m
     [90m    |[39m         [31m[1m^[22m[39m
     [90m 80 |[39m     }[33m;[39m
     [90m 81 |[39m }
     [90m 82 |[39m[0m

      at console.<computed> [as warn] (__tests__/setup.ts:79:9)
      at broadcast (api/ws.ts:594:13)
      at broadcastTerminalLine (api/ws.ts:703:5)
      at term (modules/tools/definitions/ReactProjectTool.ts:4340:38)
      at ReactProjectTool.execute (modules/tools/definitions/ReactProjectTool.ts:6325:21)
      at __tests__/records-presentation-authoring.test.ts:114:37

    console.warn
      [WS] broadcast called but liveWssRef is null

    [0m [90m 77 |[39m     console[level] [33m=[39m ([33m...[39margs[33m:[39m any[]) [33m=>[39m {
     [90m 78 |[39m         [36mif[39m ([36mtypeof[39m args[[35m0[39m] [33m===[39m [32m'string'[39m 
[33m&&[39m [33mEXPECTED_AT_IMPORT[39m[33m.[39mtest(args[[35m0[39m])) [36mreturn[39m[33m;[39m
    [31m[1m>[22m[39m[90m 79 |[39m         real([33m...[39margs)[33m;[39m
     [90m    |[39m         [31m[1m^[22m[39m
     [90m 80 |[39m     }[33m;[39m
     [90m 81 |[39m }
     [90m 82 |[39m[0m

      at console.<computed> [as warn] (__tests__/setup.ts:79:9)
      at broadcast (api/ws.ts:594:13)
      at ReactProjectTool.execute (modules/tools/definitions/ReactProjectTool.ts:4334:24)
      at __tests__/records-presentation-authoring.test.ts:155:62

    console.warn
      [WS] broadcast called but liveWssRef is null

    [0m [90m 77 |[39m     console[level] [33m=[39m ([33m...[39margs[33m:[39m any[]) [33m=>[39m {
     [90m 78 |[39m         [36mif[39m ([36mtypeof[39m args[[35m0[39m] [33m===[39m [32m'string'[39m 
[33m&&[39m [33mEXPECTED_AT_IMPORT[39m[33m.[39mtest(args[[35m0[39m])) [36mreturn[39m[33m;[39m
    [31m[1m>[22m[39m[90m 79 |[39m         real([33m...[39margs)[33m;[39m
     [90m    |[39m         [31m[1m^[22m[39m
     [90m 80 |[39m     }[33m;[39m
     [90m 81 |[39m }
     [90m 82 |[39m[0m

      at console.<computed> [as warn] (__tests__/setup.ts:79:9)
      at broadcast (api/ws.ts:594:13)
      at broadcastTerminalLine (api/ws.ts:703:5)
      at term (modules/tools/definitions/ReactProjectTool.ts:4340:38)
      at ReactProjectTool.execute (modules/tools/definitions/ReactProjectTool.ts:4498:13)
      at __tests__/records-presentation-authoring.test.ts:155:62

    console.warn
      [WS] broadcast called but liveWssRef is null

    [0m [90m 77 |[39m     console[level] [33m=[39m ([33m...[39margs[33m:[39m any[]) [33m=>[39m {
     [90m 78 |[39m         [36mif[39m ([36mtypeof[39m args[[35m0[39m] [33m===[39m [32m'string'[39m 
[33m&&[39m [33mEXPECTED_AT_IMPORT[39m[33m.[39mtest(args[[35m0[39m])) [36mreturn[39m[33m;[39m
    [31m[1m>[22m[39m[90m 79 |[39m         real([33m...[39margs)[33m;[39m
     [90m    |[39m         [31m[1m^[22m[39m
     [90m 80 |[39m     }[33m;[39m
     [90m 81 |[39m }
     [90m 82 |[39m[0m

      at console.<computed> [as warn] (__tests__/setup.ts:79:9)
      at broadcast (api/ws.ts:594:13)
      at ReactProjectTool.execute (modules/tools/definitions/ReactProjectTool.ts:4575:22)
      at __tests__/records-presentation-authoring.test.ts:155:62

    console.warn
      [WS] broadcast called but liveWssRef is null

    [0m [90m 77 |[39m     console[level] [33m=[39m ([33m...[39margs[33m:[39m any[]) [33m=>[39m {
     [90m 78 |[39m         [36mif[39m ([36mtypeof[39m args[[35m0[39m] [33m===[39m [32m'string'[39m 
[33m&&[39m [33mEXPECTED_AT_IMPORT[39m[33m.[39mtest(args[[35m0[39m])) [36mreturn[39m[33m;[39m
    [31m[1m>[22m[39m[90m 79 |[39m         real([33m...[39margs)[33m;[39m
     [90m    |[39m         [31m[1m^[22m[39m
     [90m 80 |[39m     }[33m;[39m
     [90m 81 |[39m }
     [90m 82 |[39m[0m

      at console.<computed> [as warn] (__tests__/setup.ts:79:9)
      at broadcast (api/ws.ts:594:13)
      at broadcastTerminalLine (api/ws.ts:703:5)
      at term (modules/tools/definitions/ReactProjectTool.ts:4340:38)
      at ReactProjectTool.execute (modules/tools/definitions/ReactProjectTool.ts:4678:9)
      at __tests__/records-presentation-authoring.test.ts:155:62

    console.warn
      [WS] broadcast called but liveWssRef is null

    [0m [90m 77 |[39m     console[level] [33m=[39m ([33m...[39margs[33m:[39m any[]) [33m=>[39m {
     [90m 78 |[39m         [36mif[39m ([36mtypeof[39m args[[35m0[39m] [33m===[39m [32m'string'[39m 
[33m&&[39m [33mEXPECTED_AT_IMPORT[39m[33m.[39mtest(args[[35m0[39m])) [36mreturn[39m[33m;[39m
    [31m[1m>[22m[39m[90m 79 |[39m         real([33m...[39margs)[33m;[39m
     [90m    |[39m         [31m[1m^[22m[39m
     [90m 80 |[39m     }[33m;[39m
     [90m 81 |[39m }
     [90m 82 |[39m[0m

      at console.<computed> [as warn] (__tests__/setup.ts:79:9)
      at broadcast (api/ws.ts:594:13)
      at broadcastThinkingDetail (api/ws.ts:725:3)
      at ReactProjectTool.execute (modules/tools/definitions/ReactProjectTool.ts:5075:47)
      at __tests__/records-presentation-authoring.test.ts:155:62

    console.warn
      [WS] broadcast called but liveWssRef is null

    [0m [90m 77 |[39m     console[level] [33m=[39m ([33m...[39margs[33m:[39m any[]) [33m=>[39m {
     [90m 78 |[39m         [36mif[39m ([36mtypeof[39m args[[35m0[39m] [33m===[39m [32m'string'[39m 
[33m&&[39m [33mEXPECTED_AT_IMPORT[39m[33m.[39mtest(args[[35m0[39m])) [36mreturn[39m[33m;[39m
    [31m[1m>[22m[39m[90m 79 |[39m         real([33m...[39margs)[33m;[39m
     [90m    |[39m         [31m[1m^[22m[39m
     [90m 80 |[39m     }[33m;[39m
     [90m 81 |[39m }
     [90m 82 |[39m[0m

      at console.<computed> [as warn] (__tests__/setup.ts:79:9)
      at broadcast (api/ws.ts:594:13)
      at broadcastTerminalLine (api/ws.ts:703:5)
      at term (modules/tools/definitions/ReactProjectTool.ts:4340:38)
      at ReactProjectTool.execute (modules/tools/definitions/ReactProjectTool.ts:5682:13)
      at __tests__/records-presentation-authoring.test.ts:155:62

    console.warn
      [WS] broadcast called but liveWssRef is null

    [0m [90m 77 |[39m     console[level] [33m=[39m ([33m...[39margs[33m:[39m any[]) [33m=>[39m {
     [90m 78 |[39m         [36mif[39m ([36mtypeof[39m args[[35m0[39m] [33m===[39m [32m'string'[39m 
[33m&&[39m [33mEXPECTED_AT_IMPORT[39m[33m.[39mtest(args[[35m0[39m])) [36mreturn[39m[33m;[39m
    [31m[1m>[22m[39m[90m 79 |[39m         real([33m...[39margs)[33m;[39m
     [90m    |[39m         [31m[1m^[22m[39m
     [90m 80 |[39m     }[33m;[39m
     [90m 81 |[39m }
     [90m 82 |[39m[0m

      at console.<computed> [as warn] (__tests__/setup.ts:79:9)
      at broadcast (api/ws.ts:594:13)
      at ReactProjectTool.execute (modules/tools/definitions/ReactProjectTool.ts:6054:26)
      at __tests__/records-presentation-authoring.test.ts:155:62

    console.warn
      [WS] broadcast called but liveWssRef is null

    [0m [90m 77 |[39m     console[level] [33m=[39m ([33m...[39margs[33m:[39m any[]) [33m=>[39m {
     [90m 78 |[39m         [36mif[39m ([36mtypeof[39m args[[35m0[39m] [33m===[39m [32m'string'[39m 
[33m&&[39m [33mEXPECTED_AT_IMPORT[39m[33m.[39mtest(args[[35m0[39m])) [36mreturn[39m[33m;[39m
    [31m[1m>[22m[39m[90m 79 |[39m         real([33m...[39margs)[33m;[39m
     [90m    |[39m         [31m[1m^[22m[39m
     [90m 80 |[39m     }[33m;[39m
     [90m 81 |[39m }
     [90m 82 |[39m[0m

      at console.<computed> [as warn] (__tests__/setup.ts:79:9)
      at broadcast (api/ws.ts:594:13)
      at ReactProjectTool.execute (modules/tools/definitions/ReactProjectTool.ts:6054:26)
      at __tests__/records-presentation-authoring.test.ts:155:62

    console.warn
      [WS] broadcast called but liveWssRef is null

    [0m [90m 77 |[39m     console[level] [33m=[39m ([33m...[39margs[33m:[39m any[]) [33m=>[39m {
     [90m 78 |[39m         [36mif[39m ([36mtypeof[39m args[[35m0[39m] [33m===[39m [32m'string'[39m 
[33m&&[39m [33mEXPECTED_AT_IMPORT[39m[33m.[39mtest(args[[35m0[39m])) [36mreturn[39m[33m;[39m
    [31m[1m>[22m[39m[90m 79 |[39m         real([33m...[39margs)[33m;[39m
     [90m    |[39m         [31m[1m^[22m[39m
     [90m 80 |[39m     }[33m;[39m
     [90m 81 |[39m }
     [90m 82 |[39m[0m

      at console.<computed> [as warn] (__tests__/setup.ts:79:9)
      at broadcast (api/ws.ts:594:13)
      at ReactProjectTool.execute (modules/tools/definitions/ReactProjectTool.ts:6054:26)
      at __tests__/records-presentation-authoring.test.ts:155:62

    console.warn
      [WS] broadcast called but liveWssRef is null

    [0m [90m 77 |[39m     console[level] [33m=[39m ([33m...[39margs[33m:[39m any[]) [33m=>[39m {
     [90m 78 |[39m         [36mif[39m ([36mtypeof[39m args[[35m0[39m] [33m===[39m [32m'string'[39m 
[33m&&[39m [33mEXPECTED_AT_IMPORT[39m[33m.[39mtest(args[[35m0[39m])) [36mreturn[39m[33m;[39m
    [31m[1m>[22m[39m[90m 79 |[39m         real([33m...[39margs)[33m;[39m
     [90m    |[39m         [31m[1m^[22m[39m
     [90m 80 |[39m     }[33m;[39m
     [90m 81 |[39m }
     [90m 82 |[39m[0m

      at console.<computed> [as warn] (__tests__/setup.ts:79:9)
      at broadcast (api/ws.ts:594:13)
      at ReactProjectTool.execute (modules/tools/definitions/ReactProjectTool.ts:6054:26)
      at __tests__/records-presentation-authoring.test.ts:155:62

    console.warn
      [WS] broadcast called but liveWssRef is null

    [0m [90m 77 |[39m     console[level] [33m=[39m ([33m...[39margs[33m:[39m any[]) [33m=>[39m {
     [90m 78 |[39m         [36mif[39m ([36mtypeof[39m args[[35m0[39m] [33m===[39m [32m'string'[39m 
[33m&&[39m [33mEXPECTED_AT_IMPORT[39m[33m.[39mtest(args[[35m0[39m])) [36mreturn[39m[33m;[39m
    [31m[1m>[22m[39m[90m 79 |[39m         real([33m...[39margs)[33m;[39m
     [90m    |[39m         [31m[1m^[22m[39m
     [90m 80 |[39m     }[33m;[39m
     [90m 81 |[39m }
     [90m 82 |[39m[0m

      at console.<computed> [as warn] (__tests__/setup.ts:79:9)
      at broadcast (api/ws.ts:594:13)
      at ReactProjectTool.execute (modules/tools/definitions/ReactProjectTool.ts:6054:26)
      at __tests__/records-presentation-authoring.test.ts:155:62

    console.warn
      [WS] broadcast called but liveWssRef is null

    [0m [90m 77 |[39m     console[level] [33m=[39m ([33m...[39margs[33m:[39m any[]) [33m=>[39m {
     [90m 78 |[39m         [36mif[39m ([36mtypeof[39m args[[35m0[39m] [33m===[39m [32m'string'[39m 
[33m&&[39m [33mEXPECTED_AT_IMPORT[39m[33m.[39mtest(args[[35m0[39m])) [36mreturn[39m[33m;[39m
    [31m[1m>[22m[39m[90m 79 |[39m         real([33m...[39margs)[33m;[39m
     [90m    |[39m         [31m[1m^[22m[39m
     [90m 80 |[39m     }[33m;[39m
     [90m 81 |[39m }
     [90m 82 |[39m[0m

      at console.<computed> [as warn] (__tests__/setup.ts:79:9)
      at broadcast (api/ws.ts:594:13)
      at ReactProjectTool.execute (modules/tools/definitions/ReactProjectTool.ts:6054:26)
      at __tests__/records-presentation-authoring.test.ts:155:62

    console.warn
      [WS] broadcast called but liveWssRef is null

    [0m [90m 77 |[39m     console[level] [33m=[39m ([33m...[39margs[33m:[39m any[]) [33m=>[39m {
     [90m 78 |[39m         [36mif[39m ([36mtypeof[39m args[[35m0[39m] [33m===[39m [32m'string'[39m 
[33m&&[39m [33mEXPECTED_AT_IMPORT[39m[33m.[39mtest(args[[35m0[39m])) [36mreturn[39m[33m;[39m
    [31m[1m>[22m[39m[90m 79 |[39m         real([33m...[39margs)[33m;[39m
     [90m    |[39m         [31m[1m^[22m[39m
     [90m 80 |[39m     }[33m;[39m
     [90m 81 |[39m }
     [90m 82 |[39m[0m

      at console.<computed> [as warn] (__tests__/setup.ts:79:9)
      at broadcast (api/ws.ts:594:13)
      at ReactProjectTool.execute (modules/tools/definitions/ReactProjectTool.ts:6054:26)
      at __tests__/records-presentation-authoring.test.ts:155:62

    console.warn
      [WS] broadcast called but liveWssRef is null

    [0m [90m 77 |[39m     console[level] [33m=[39m ([33m...[39margs[33m:[39m any[]) [33m=>[39m {
     [90m 78 |[39m         [36mif[39m ([36mtypeof[39m args[[35m0[39m] [33m===[39m [32m'string'[39m 
[33m&&[39m [33mEXPECTED_AT_IMPORT[39m[33m.[39mtest(args[[35m0[39m])) [36mreturn[39m[33m;[39m
    [31m[1m>[22m[39m[90m 79 |[39m         real([33m...[39margs)[33m;[39m
     [90m    |[39m         [31m[1m^[22m[39m
     [90m 80 |[39m     }[33m;[39m
     [90m 81 |[39m }
     [90m 82 |[39m[0m

      at console.<computed> [as warn] (__tests__/setup.ts:79:9)
      at broadcast (api/ws.ts:594:13)
      at ReactProjectTool.execute (modules/tools/definitions/ReactProjectTool.ts:6054:26)
      at __tests__/records-presentation-authoring.test.ts:155:62

    console.warn
      [WS] broadcast called but liveWssRef is null

    [0m [90m 77 |[39m     console[level] [33m=[39m ([33m...[39margs[33m:[39m any[]) [33m=>[39m {
     [90m 78 |[39m         [36mif[39m ([36mtypeof[39m args[[35m0[39m] [33m===[39m [32m'string'[39m 
[33m&&[39m [33mEXPECTED_AT_IMPORT[39m[33m.[39mtest(args[[35m0[39m])) [36mreturn[39m[33m;[39m
    [31m[1m>[22m[39m[90m 79 |[39m         real([33m...[39margs)[33m;[39m
     [90m    |[39m         [31m[1m^[22m[39m
     [90m 80 |[39m     }[33m;[39m
     [90m 81 |[39m }
     [90m 82 |[39m[0m

      at console.<computed> [as warn] (__tests__/setup.ts:79:9)
      at broadcast (api/ws.ts:594:13)
      at ReactProjectTool.execute (modules/tools/definitions/ReactProjectTool.ts:6054:26)
      at __tests__/records-presentation-authoring.test.ts:155:62

    console.warn
      [WS] broadcast called but liveWssRef is null

    [0m [90m 77 |[39m     console[level] [33m=[39m ([33m...[39margs[33m:[39m any[]) [33m=>[39m {
     [90m 78 |[39m         [36mif[39m ([36mtypeof[39m args[[35m0[39m] [33m===[39m [32m'string'[39m 
[33m&&[39m [33mEXPECTED_AT_IMPORT[39m[33m.[39mtest(args[[35m0[39m])) [36mreturn[39m[33m;[39m
    [31m[1m>[22m[39m[90m 79 |[39m         real([33m...[39margs)[33m;[39m
     [90m    |[39m         [31m[1m^[22m[39m
     [90m 80 |[39m     }[33m;[39m
     [90m 81 |[39m }
     [90m 82 |[39m[0m

      at console.<computed> [as warn] (__tests__/setup.ts:79:9)
      at broadcast (api/ws.ts:594:13)
      at ReactProjectTool.execute (modules/tools/definitions/ReactProjectTool.ts:6054:26)
      at __tests__/records-presentation-authoring.test.ts:155:62

    console.warn
      [WS] broadcast called but liveWssRef is null

    [0m [90m 77 |[39m     console[level] [33m=[39m ([33m...[39margs[33m:[39m any[]) [33m=>[39m {
     [90m 78 |[39m         [36mif[39m ([36mtypeof[39m args[[35m0[39m] [33m===[39m [32m'string'[39m 
[33m&&[39m [33mEXPECTED_AT_IMPORT[39m[33m.[39mtest(args[[35m0[39m])) [36mreturn[39m[33m;[39m
    [31m[1m>[22m[39m[90m 79 |[39m         real([33m...[39margs)[33m;[39m
     [90m    |[39m         [31m[1m^[22m[39m
     [90m 80 |[39m     }[33m;[39m
     [90m 81 |[39m }
     [90m 82 |[39m[0m

      at console.<computed> [as warn] (__tests__/setup.ts:79:9)
      at broadcast (api/ws.ts:594:13)
      at ReactProjectTool.execute (modules/tools/definitions/ReactProjectTool.ts:6054:26)
      at __tests__/records-presentation-authoring.test.ts:155:62

    console.warn
      [WS] broadcast called but liveWssRef is null

    [0m [90m 77 |[39m     console[level] [33m=[39m ([33m...[39margs[33m:[39m any[]) [33m=>[39m {
     [90m 78 |[39m         [36mif[39m ([36mtypeof[39m args[[35m0[39m] [33m===[39m [32m'string'[39m 
[33m&&[39m [33mEXPECTED_AT_IMPORT[39m[33m.[39mtest(args[[35m0[39m])) [36mreturn[39m[33m;[39m
    [31m[1m>[22m[39m[90m 79 |[39m         real([33m...[39margs)[33m;[39m
     [90m    |[39m         [31m[1m^[22m[39m
     [90m 80 |[39m     }[33m;[39m
     [90m 81 |[39m }
     [90m 82 |[39m[0m

      at console.<computed> [as warn] (__tests__/setup.ts:79:9)
      at broadcast (api/ws.ts:594:13)
      at ReactProjectTool.execute (modules/tools/definitions/ReactProjectTool.ts:6054:26)
      at __tests__/records-presentation-authoring.test.ts:155:62

    console.warn
      [WS] broadcast called but liveWssRef is null

    [0m [90m 77 |[39m     console[level] [33m=[39m ([33m...[39margs[33m:[39m any[]) [33m=>[39m {
     [90m 78 |[39m         [36mif[39m ([36mtypeof[39m args[[35m0[39m] [33m===[39m [32m'string'[39m 
[33m&&[39m [33mEXPECTED_AT_IMPORT[39m[33m.[39mtest(args[[35m0[39m])) [36mreturn[39m[33m;[39m
    [31m[1m>[22m[39m[90m 79 |[39m         real([33m...[39margs)[33m;[39m
     [90m    |[39m         [31m[1m^[22m[39m
     [90m 80 |[39m     }[33m;[39m
     [90m 81 |[39m }
     [90m 82 |[39m[0m

      at console.<computed> [as warn] (__tests__/setup.ts:79:9)
      at broadcast (api/ws.ts:594:13)
      at ReactProjectTool.execute (modules/tools/definitions/ReactProjectTool.ts:6054:26)
      at __tests__/records-presentation-authoring.test.ts:155:62

    console.warn
      [WS] broadcast called but liveWssRef is null

    [0m [90m 77 |[39m     console[level] [33m=[39m ([33m...[39margs[33m:[39m any[]) [33m=>[39m {
     [90m 78 |[39m         [36mif[39m ([36mtypeof[39m args[[35m0[39m] [33m===[39m [32m'string'[39m 
[33m&&[39m [33mEXPECTED_AT_IMPORT[39m[33m.[39mtest(args[[35m0[39m])) [36mreturn[39m[33m;[39m
    [31m[1m>[22m[39m[90m 79 |[39m         real([33m...[39margs)[33m;[39m
     [90m    |[39m         [31m[1m^[22m[39m
     [90m 80 |[39m     }[33m;[39m
     [90m 81 |[39m }
     [90m 82 |[39m[0m

      at console.<computed> [as warn] (__tests__/setup.ts:79:9)
      at broadcast (api/ws.ts:594:13)
      at ReactProjectTool.execute (modules/tools/definitions/ReactProjectTool.ts:6054:26)
      at __tests__/records-presentation-authoring.test.ts:155:62

    console.warn
      [WS] broadcast called but liveWssRef is null

    [0m [90m 77 |[39m     console[level] [33m=[39m ([33m...[39margs[33m:[39m any[]) [33m=>[39m {
     [90m 78 |[39m         [36mif[39m ([36mtypeof[39m args[[35m0[39m] [33m===[39m [32m'string'[39m 
[33m&&[39m [33mEXPECTED_AT_IMPORT[39m[33m.[39mtest(args[[35m0[39m])) [36mreturn[39m[33m;[39m
    [31m[1m>[22m[39m[90m 79 |[39m         real([33m...[39margs)[33m;[39m
     [90m    |[39m         [31m[1m^[22m[39m
     [90m 80 |[39m     }[33m;[39m
     [90m 81 |[39m }
     [90m 82 |[39m[0m

      at console.<computed> [as warn] (__tests__/setup.ts:79:9)
      at broadcast (api/ws.ts:594:13)
      at broadcastTerminalLine (api/ws.ts:703:5)
      at term (modules/tools/definitions/ReactProjectTool.ts:4340:38)
      at ReactProjectTool.execute (modules/tools/definitions/ReactProjectTool.ts:6259:13)
      at __tests__/records-presentation-authoring.test.ts:155:62

    console.warn
      [WS] broadcast called but liveWssRef is null

    [0m [90m 77 |[39m     console[level] [33m=[39m ([33m...[39margs[33m:[39m any[]) [33m=>[39m {
     [90m 78 |[39m         [36mif[39m ([36mtypeof[39m args[[35m0[39m] [33m===[39m [32m'string'[39m 
[33m&&[39m [33mEXPECTED_AT_IMPORT[39m[33m.[39mtest(args[[35m0[39m])) [36mreturn[39m[33m;[39m
    [31m[1m>[22m[39m[90m 79 |[39m         real([33m...[39margs)[33m;[39m
     [90m    |[39m         [31m[1m^[22m[39m
     [90m 80 |[39m     }[33m;[39m
     [90m 81 |[39m }
     [90m 82 |[39m[0m

      at console.<computed> [as warn] (__tests__/setup.ts:79:9)
      at broadcast (api/ws.ts:594:13)
      at ReactProjectTool.execute (modules/tools/definitions/ReactProjectTool.ts:6497:30)
      at __tests__/records-presentation-authoring.test.ts:155:33

    console.warn
      [WS] broadcast called but liveWssRef is null

    [0m [90m 77 |[39m     console[level] [33m=[39m ([33m...[39margs[33m:[39m any[]) [33m=>[39m {
     [90m 78 |[39m         [36mif[39m ([36mtypeof[39m args[[35m0[39m] [33m===[39m [32m'string'[39m 
[33m&&[39m [33mEXPECTED_AT_IMPORT[39m[33m.[39mtest(args[[35m0[39m])) [36mreturn[39m[33m;[39m
    [31m[1m>[22m[39m[90m 79 |[39m         real([33m...[39margs)[33m;[39m
     [90m    |[39m         [31m[1m^[22m[39m
     [90m 80 |[39m     }[33m;[39m
     [90m 81 |[39m }
     [90m 82 |[39m[0m

      at console.<computed> [as warn] (__tests__/setup.ts:79:9)
      at broadcast (api/ws.ts:594:13)
      at broadcastTerminalLine (api/ws.ts:703:5)
      at term (modules/tools/definitions/ReactProjectTool.ts:4340:38)
      at ReactProjectTool.execute (modules/tools/definitions/ReactProjectTool.ts:6499:17)
      at __tests__/records-presentation-authoring.test.ts:155:33

    console.warn
      [WS] broadcast called but liveWssRef is null

    [0m [90m 77 |[39m     console[level] [33m=[39m ([33m...[39margs[33m:[39m any[]) [33m=>[39m {
     [90m 78 |[39m         [36mif[39m ([36mtypeof[39m args[[35m0[39m] [33m===[39m [32m'string'[39m 
[33m&&[39m [33mEXPECTED_AT_IMPORT[39m[33m.[39mtest(args[[35m0[39m])) [36mreturn[39m[33m;[39m
    [31m[1m>[22m[39m[90m 79 |[39m         real([33m...[39margs)[33m;[39m
     [90m    |[39m         [31m[1m^[22m[39m
     [90m 80 |[39m     }[33m;[39m
     [90m 81 |[39m }
     [90m 82 |[39m[0m

      at console.<computed> [as warn] (__tests__/setup.ts:79:9)
      at broadcast (api/ws.ts:594:13)
      at broadcastTerminalLine (api/ws.ts:703:5)
      at Object.term [as onEvent] (modules/tools/definitions/ReactProjectTool.ts:4340:38)
      at repairCapabilityGapsOnce (modules/tools/definitions/ReactProjectTool.ts:1144:20)
      at ReactProjectTool.execute (modules/tools/definitions/ReactProjectTool.ts:6509:29)
      at __tests__/records-presentation-authoring.test.ts:155:33

    console.warn
      [WS] broadcast called but liveWssRef is null

    [0m [90m 77 |[39m     console[level] [33m=[39m ([33m...[39margs[33m:[39m any[]) [33m=>[39m {
     [90m 78 |[39m         [36mif[39m ([36mtypeof[39m args[[35m0[39m] [33m===[39m [32m'string'[39m 
[33m&&[39m [33mEXPECTED_AT_IMPORT[39m[33m.[39mtest(args[[35m0[39m])) [36mreturn[39m[33m;[39m
    [31m[1m>[22m[39m[90m 79 |[39m         real([33m...[39margs)[33m;[39m
     [90m    |[39m         [31m[1m^[22m[39m
     [90m 80 |[39m     }[33m;[39m
     [90m 81 |[39m }
     [90m 82 |[39m[0m

      at console.<computed> [as warn] (__tests__/setup.ts:79:9)
      at broadcast (api/ws.ts:594:13)
      at broadcastTerminalLine (api/ws.ts:703:5)
      at Object.term [as onEvent] (modules/tools/definitions/ReactProjectTool.ts:4340:38)
      at repairCapabilityGapsOnce (modules/tools/definitions/ReactProjectTool.ts:1196:25)
      at ReactProjectTool.execute (modules/tools/definitions/ReactProjectTool.ts:6509:23)
      at __tests__/records-presentation-authoring.test.ts:155:33

    console.warn
      [WS] broadcast called but liveWssRef is null

    [0m [90m 77 |[39m     console[level] [33m=[39m ([33m...[39margs[33m:[39m any[]) [33m=>[39m {
     [90m 78 |[39m         [36mif[39m ([36mtypeof[39m args[[35m0[39m] [33m===[39m [32m'string'[39m 
[33m&&[39m [33mEXPECTED_AT_IMPORT[39m[33m.[39mtest(args[[35m0[39m])) [36mreturn[39m[33m;[39m
    [31m[1m>[22m[39m[90m 79 |[39m         real([33m...[39margs)[33m;[39m
     [90m    |[39m         [31m[1m^[22m[39m
     [90m 80 |[39m     }[33m;[39m
     [90m 81 |[39m }
     [90m 82 |[39m[0m

      at console.<computed> [as warn] (__tests__/setup.ts:79:9)
      at broadcast (api/ws.ts:594:13)
      at broadcastTerminalLine (api/ws.ts:703:5)
      at term (modules/tools/definitions/ReactProjectTool.ts:4340:38)
      at ReactProjectTool.execute (modules/tools/definitions/ReactProjectTool.ts:6548:25)
      at __tests__/records-presentation-authoring.test.ts:155:33

    console.warn
      [WS] broadcast called but liveWssRef is null

    [0m [90m 77 |[39m     console[level] [33m=[39m ([33m...[39margs[33m:[39m any[]) [33m=>[39m {
     [90m 78 |[39m         [36mif[39m ([36mtypeof[39m args[[35m0[39m] [33m===[39m [32m'string'[39m 
[33m&&[39m [33mEXPECTED_AT_IMPORT[39m[33m.[39mtest(args[[35m0[39m])) [36mreturn[39m[33m;[39m
    [31m[1m>[22m[39m[90m 79 |[39m         real([33m...[39margs)[33m;[39m
     [90m    |[39m         [31m[1m^[22m[39m
     [90m 80 |[39m     }[33m;[39m
     [90m 81 |[39m }
     [90m 82 |[39m[0m

      at console.<computed> [as warn] (__tests__/setup.ts:79:9)
      at broadcast (api/ws.ts:594:13)
      at broadcastTerminalLine (api/ws.ts:703:5)
      at term (modules/tools/definitions/ReactProjectTool.ts:4340:38)
      at ReactProjectTool.execute (modules/tools/definitions/ReactProjectTool.ts:6602:17)
      at __tests__/records-presentation-authoring.test.ts:155:33

    console.warn
      [WS] broadcast called but liveWssRef is null

    [0m [90m 77 |[39m     console[level] [33m=[39m ([33m...[39margs[33m:[39m any[]) [33m=>[39m {
     [90m 78 |[39m         [36mif[39m ([36mtypeof[39m args[[35m0[39m] [33m===[39m [32m'string'[39m 
[33m&&[39m [33mEXPECTED_AT_IMPORT[39m[33m.[39mtest(args[[35m0[39m])) [36mreturn[39m[33m;[39m
    [31m[1m>[22m[39m[90m 79 |[39m         real([33m...[39margs)[33m;[39m
     [90m    |[39m         [31m[1m^[22m[39m
     [90m 80 |[39m     }[33m;[39m
     [90m 81 |[39m }
     [90m 82 |[39m[0m

      at console.<computed> [as warn] (__tests__/setup.ts:79:9)
      at broadcast (api/ws.ts:594:13)
      at broadcastTerminalLine (api/ws.ts:703:5)
      at term (modules/tools/definitions/ReactProjectTool.ts:4340:38)
      at ReactProjectTool.execute (modules/tools/definitions/ReactProjectTool.ts:6626:9)
      at __tests__/records-presentation-authoring.test.ts:155:33

    console.warn
      [WS] broadcast called but liveWssRef is null

    [0m [90m 77 |[39m     console[level] [33m=[39m ([33m...[39margs[33m:[39m any[]) [33m=>[39m {
     [90m 78 |[39m         [36mif[39m ([36mtypeof[39m args[[35m0[39m] [33m===[39m [32m'string'[39m 
[33m&&[39m [33mEXPECTED_AT_IMPORT[39m[33m.[39mtest(args[[35m0[39m])) [36mreturn[39m[33m;[39m
    [31m[1m>[22m[39m[90m 79 |[39m         real([33m...[39margs)[33m;[39m
     [90m    |[39m         [31m[1m^[22m[39m
     [90m 80 |[39m     }[33m;[39m
     [90m 81 |[39m }
     [90m 82 |[39m[0m

      at console.<computed> [as warn] (__tests__/setup.ts:79:9)
      at broadcast (api/ws.ts:594:13)
      at broadcastTerminalLine (api/ws.ts:703:5)
      at term (modules/tools/definitions/ReactProjectTool.ts:4340:38)
      at ReactProjectTool.execute (modules/tools/definitions/ReactProjectTool.ts:8081:9)
      at __tests__/records-presentation-authoring.test.ts:155:33

    console.warn
      [WS] broadcast called but liveWssRef is null

    [0m [90m 77 |[39m     console[level] [33m=[39m ([33m...[39margs[33m:[39m any[]) [33m=>[39m {
     [90m 78 |[39m         [36mif[39m ([36mtypeof[39m args[[35m0[39m] [33m===[39m [32m'string'[39m 
[33m&&[39m [33mEXPECTED_AT_IMPORT[39m[33m.[39mtest(args[[35m0[39m])) [36mreturn[39m[33m;[39m
    [31m[1m>[22m[39m[90m 79 |[39m         real([33m...[39margs)[33m;[39m
     [90m    |[39m         [31m[1m^[22m[39m
     [90m 80 |[39m     }[33m;[39m
     [90m 81 |[39m }
     [90m 82 |[39m[0m

      at console.<computed> [as warn] (__tests__/setup.ts:79:9)
      at broadcast (api/ws.ts:594:13)
      at broadcastTerminalLine (api/ws.ts:703:5)
      at term (modules/tools/definitions/ReactProjectTool.ts:4340:38)
      at ReactProjectTool.execute (modules/tools/definitions/ReactProjectTool.ts:8151:9)
      at __tests__/records-presentation-authoring.test.ts:155:33

    console.warn
      [WS] broadcast called but liveWssRef is null

    [0m [90m 77 |[39m     console[level] [33m=[39m ([33m...[39margs[33m:[39m any[]) [33m=>[39m {
     [90m 78 |[39m         [36mif[39m ([36mtypeof[39m args[[35m0[39m] [33m===[39m [32m'string'[39m 
[33m&&[39m [33mEXPECTED_AT_IMPORT[39m[33m.[39mtest(args[[35m0[39m])) [36mreturn[39m[33m;[39m
    [31m[1m>[22m[39m[90m 79 |[39m         real([33m...[39margs)[33m;[39m
     [90m    |[39m         [31m[1m^[22m[39m
     [90m 80 |[39m     }[33m;[39m
     [90m 81 |[39m }
     [90m 82 |[39m[0m

      at console.<computed> [as warn] (__tests__/setup.ts:79:9)
      at broadcast (api/ws.ts:594:13)
      at broadcastTerminalLine (api/ws.ts:703:5)
      at term (modules/tools/definitions/ReactProjectTool.ts:4340:38)
      at ReactProjectTool.execute (modules/tools/definitions/ReactProjectTool.ts:8239:9)
      at __tests__/records-presentation-authoring.test.ts:155:33

    console.warn
      [WS] broadcast called but liveWssRef is null

    [0m [90m 77 |[39m     console[level] [33m=[39m ([33m...[39margs[33m:[39m any[]) [33m=>[39m {
     [90m 78 |[39m         [36mif[39m ([36mtypeof[39m args[[35m0[39m] [33m===[39m [32m'string'[39m 
[33m&&[39m [33mEXPECTED_AT_IMPORT[39m[33m.[39mtest(args[[35m0[39m])) [36mreturn[39m[33m;[39m
    [31m[1m>[22m[39m[90m 79 |[39m         real([33m...[39margs)[33m;[39m
     [90m    |[39m         [31m[1m^[22m[39m
     [90m 80 |[39m     }[33m;[39m
     [90m 81 |[39m }
     [90m 82 |[39m[0m

      at console.<computed> [as warn] (__tests__/setup.ts:79:9)
      at broadcast (api/ws.ts:594:13)
      at broadcastTerminalLine (api/ws.ts:703:5)
      at term (modules/tools/definitions/ReactProjectTool.ts:4340:38)
      at ReactProjectTool.execute (modules/tools/definitions/ReactProjectTool.ts:8442:49)
      at __tests__/records-presentation-authoring.test.ts:155:33

    console.warn
      [WS] broadcast called but liveWssRef is null

    [0m [90m 77 |[39m     console[level] [33m=[39m ([33m...[39margs[33m:[39m any[]) [33m=>[39m {
     [90m 78 |[39m         [36mif[39m ([36mtypeof[39m args[[35m0[39m] [33m===[39m [32m'string'[39m 
[33m&&[39m [33mEXPECTED_AT_IMPORT[39m[33m.[39mtest(args[[35m0[39m])) [36mreturn[39m[33m;[39m
    [31m[1m>[22m[39m[90m 79 |[39m         real([33m...[39margs)[33m;[39m
     [90m    |[39m         [31m[1m^[22m[39m
     [90m 80 |[39m     }[33m;[39m
     [90m 81 |[39m }
     [90m 82 |[39m[0m

      at console.<computed> [as warn] (__tests__/setup.ts:79:9)
      at broadcast (api/ws.ts:594:13)
      at broadcastTerminalLine (api/ws.ts:703:5)
      at term (modules/tools/definitions/ReactProjectTool.ts:4340:38)
      at ReactProjectTool.execute (modules/tools/definitions/ReactProjectTool.ts:8666:13)
      at __tests__/records-presentation-authoring.test.ts:155:33

    console.warn
      [WS] broadcast called but liveWssRef is null

    [0m [90m 77 |[39m     console[level] [33m=[39m ([33m...[39margs[33m:[39m any[]) [33m=>[39m {
     [90m 78 |[39m         [36mif[39m ([36mtypeof[39m args[[35m0[39m] [33m===[39m [32m'string'[39m 
[33m&&[39m [33mEXPECTED_AT_IMPORT[39m[33m.[39mtest(args[[35m0[39m])) [36mreturn[39m[33m;[39m
    [31m[1m>[22m[39m[90m 79 |[39m         real([33m...[39margs)[33m;[39m
     [90m    |[39m         [31m[1m^[22m[39m
     [90m 80 |[39m     }[33m;[39m
     [90m 81 |[39m }
     [90m 82 |[39m[0m

      at console.<computed> [as warn] (__tests__/setup.ts:79:9)
      at broadcast (api/ws.ts:594:13)
      at ReactProjectTool.execute (modules/tools/definitions/ReactProjectTool.ts:4334:24)
      at __tests__/records-presentation-authoring.test.ts:155:62

    console.warn
      [WS] broadcast called but liveWssRef is null

    [0m [90m 77 |[39m     console[level] [33m=[39m ([33m...[39margs[33m:[39m any[]) [33m=>[39m {
     [90m 78 |[39m         [36mif[39m ([36mtypeof[39m args[[35m0[39m] [33m===[39m [32m'string'[39m 
[33m&&[39m [33mEXPECTED_AT_IMPORT[39m[33m.[39mtest(args[[35m0[39m])) [36mreturn[39m[33m;[39m
    [31m[1m>[22m[39m[90m 79 |[39m         real([33m...[39margs)[33m;[39m
     [90m    |[39m         [31m[1m^[22m[39m
     [90m 80 |[39m     }[33m;[39m
     [90m 81 |[39m }
     [90m 82 |[39m[0m

      at console.<computed> [as warn] (__tests__/setup.ts:79:9)
      at broadcast (api/ws.ts:594:13)
      at broadcastTerminalLine (api/ws.ts:703:5)
      at term (modules/tools/definitions/ReactProjectTool.ts:4340:38)
      at ReactProjectTool.execute (modules/tools/definitions/ReactProjectTool.ts:4498:13)
      at __tests__/records-presentation-authoring.test.ts:155:62

    console.warn
      [WS] broadcast called but liveWssRef is null

    [0m [90m 77 |[39m     console[level] [33m=[39m ([33m...[39margs[33m:[39m any[]) [33m=>[39m {
     [90m 78 |[39m         [36mif[39m ([36mtypeof[39m args[[35m0[39m] [33m===[39m [32m'string'[39m 
[33m&&[39m [33mEXPECTED_AT_IMPORT[39m[33m.[39mtest(args[[35m0[39m])) [36mreturn[39m[33m;[39m
    [31m[1m>[22m[39m[90m 79 |[39m         real([33m...[39margs)[33m;[39m
     [90m    |[39m         [31m[1m^[22m[39m
     [90m 80 |[39m     }[33m;[39m
     [90m 81 |[39m }
     [90m 82 |[39m[0m

      at console.<computed> [as warn] (__tests__/setup.ts:79:9)
      at broadcast (api/ws.ts:594:13)
      at ReactProjectTool.execute (modules/tools/definitions/ReactProjectTool.ts:4575:22)
      at __tests__/records-presentation-authoring.test.ts:155:62

    console.warn
      [WS] broadcast called but liveWssRef is null

    [0m [90m 77 |[39m     console[level] [33m=[39m ([33m...[39margs[33m:[39m any[]) [33m=>[39m {
     [90m 78 |[39m         [36mif[39m ([36mtypeof[39m args[[35m0[39m] [33m===[39m [32m'string'[39m 
[33m&&[39m [33mEXPECTED_AT_IMPORT[39m[33m.[39mtest(args[[35m0[39m])) [36mreturn[39m[33m;[39m
    [31m[1m>[22m[39m[90m 79 |[39m         real([33m...[39margs)[33m;[39m
     [90m    |[39m         [31m[1m^[22m[39m
     [90m 80 |[39m     }[33m;[39m
     [90m 81 |[39m }
     [90m 82 |[39m[0m

      at console.<computed> [as warn] (__tests__/setup.ts:79:9)
      at broadcast (api/ws.ts:594:13)
      at broadcastTerminalLine (api/ws.ts:703:5)
      at term (modules/tools/definitions/ReactProjectTool.ts:4340:38)
      at ReactProjectTool.execute (modules/tools/definitions/ReactProjectTool.ts:4678:9)
      at __tests__/records-presentation-authoring.test.ts:155:62

    console.warn
      [WS] broadcast called but liveWssRef is null

    [0m [90m 77 |[39m     console[level] [33m=[39m ([33m...[39margs[33m:[39m any[]) [33m=>[39m {
     [90m 78 |[39m         [36mif[39m ([36mtypeof[39m args[[35m0[39m] [33m===[39m [32m'string'[39m 
[33m&&[39m [33mEXPECTED_AT_IMPORT[39m[33m.[39mtest(args[[35m0[39m])) [36mreturn[39m[33m;[39m
    [31m[1m>[22m[39m[90m 79 |[39m         real([33m...[39margs)[33m;[39m
     [90m    |[39m         [31m[1m^[22m[39m
     [90m 80 |[39m     }[33m;[39m
     [90m 81 |[39m }
     [90m 82 |[39m[0m

      at console.<computed> [as warn] (__tests__/setup.ts:79:9)
      at broadcast (api/ws.ts:594:13)
      at broadcastThinkingDetail (api/ws.ts:725:3)
      at ReactProjectTool.execute (modules/tools/definitions/ReactProjectTool.ts:5075:47)
      at __tests__/records-presentation-authoring.test.ts:155:62

    console.warn
      [WS] broadcast called but liveWssRef is null

    [0m [90m 77 |[39m     console[level] [33m=[39m ([33m...[39margs[33m:[39m any[]) [33m=>[39m {
     [90m 78 |[39m         [36mif[39m ([36mtypeof[39m args[[35m0[39m] [33m===[39m [32m'string'[39m 
[33m&&[39m [33mEXPECTED_AT_IMPORT[39m[33m.[39mtest(args[[35m0[39m])) [36mreturn[39m[33m;[39m
    [31m[1m>[22m[39m[90m 79 |[39m         real([33m...[39margs)[33m;[39m
     [90m    |[39m         [31m[1m^[22m[39m
     [90m 80 |[39m     }[33m;[39m
     [90m 81 |[39m }
     [90m 82 |[39m[0m

      at console.<computed> [as warn] (__tests__/setup.ts:79:9)
      at broadcast (api/ws.ts:594:13)
      at broadcastTerminalLine (api/ws.ts:703:5)
      at term (modules/tools/definitions/ReactProjectTool.ts:4340:38)
      at ReactProjectTool.execute (modules/tools/definitions/ReactProjectTool.ts:5682:13)
      at __tests__/records-presentation-authoring.test.ts:155:62

    console.warn
      [WS] broadcast called but liveWssRef is null

    [0m [90m 77 |[39m     console[level] [33m=[39m ([33m...[39margs[33m:[39m any[]) [33m=>[39m {
     [90m 78 |[39m         [36mif[39m ([36mtypeof[39m args[[35m0[39m] [33m===[39m [32m'string'[39m 
[33m&&[39m [33mEXPECTED_AT_IMPORT[39m[33m.[39mtest(args[[35m0[39m])) [36mreturn[39m[33m;[39m
    [31m[1m>[22m[39m[90m 79 |[39m         real([33m...[39margs)[33m;[39m
     [90m    |[39m         [31m[1m^[22m[39m
     [90m 80 |[39m     }[33m;[39m
     [90m 81 |[39m }
     [90m 82 |[39m[0m

      at console.<computed> [as warn] (__tests__/setup.ts:79:9)
      at broadcast (api/ws.ts:594:13)
      at ReactProjectTool.execute (modules/tools/definitions/ReactProjectTool.ts:6054:26)
      at __tests__/records-presentation-authoring.test.ts:155:62

    console.warn
      [WS] broadcast called but liveWssRef is null

    [0m [90m 77 |[39m     console[level] [33m=[39m ([33m...[39margs[33m:[39m any[]) [33m=>[39m {
     [90m 78 |[39m         [36mif[39m ([36mtypeof[39m args[[35m0[39m] [33m===[39m [32m'string'[39m 
[33m&&[39m [33mEXPECTED_AT_IMPORT[39m[33m.[39mtest(args[[35m0[39m])) [36mreturn[39m[33m;[39m
    [31m[1m>[22m[39m[90m 79 |[39m         real([33m...[39margs)[33m;[39m
     [90m    |[39m         [31m[1m^[22m[39m
     [90m 80 |[39m     }[33m;[39m
     [90m 81 |[39m }
     [90m 82 |[39m[0m

      at console.<computed> [as warn] (__tests__/setup.ts:79:9)
      at broadcast (api/ws.ts:594:13)
      at ReactProjectTool.execute (modules/tools/definitions/ReactProjectTool.ts:6054:26)
      at __tests__/records-presentation-authoring.test.ts:155:62

    console.warn
      [WS] broadcast called but liveWssRef is null

    [0m [90m 77 |[39m     console[level] [33m=[39m ([33m...[39margs[33m:[39m any[]) [33m=>[39m {
     [90m 78 |[39m         [36mif[39m ([36mtypeof[39m args[[35m0[39m] [33m===[39m [32m'string'[39m 
[33m&&[39m [33mEXPECTED_AT_IMPORT[39m[33m.[39mtest(args[[35m0[39m])) [36mreturn[39m[33m;[39m
    [31m[1m>[22m[39m[90m 79 |[39m         real([33m...[39margs)[33m;[39m
     [90m    |[39m         [31m[1m^[22m[39m
     [90m 80 |[39m     }[33m;[39m
     [90m 81 |[39m }
     [90m 82 |[39m[0m

      at console.<computed> [as warn] (__tests__/setup.ts:79:9)
      at broadcast (api/ws.ts:594:13)
      at ReactProjectTool.execute (modules/tools/definitions/ReactProjectTool.ts:6054:26)
      at __tests__/records-presentation-authoring.test.ts:155:62

    console.warn
      [WS] broadcast called but liveWssRef is null

    [0m [90m 77 |[39m     console[level] [33m=[39m ([33m...[39margs[33m:[39m any[]) [33m=>[39m {
     [90m 78 |[39m         [36mif[39m ([36mtypeof[39m args[[35m0[39m] [33m===[39m [32m'string'[39m 
[33m&&[39m [33mEXPECTED_AT_IMPORT[39m[33m.[39mtest(args[[35m0[39m])) [36mreturn[39m[33m;[39m
    [31m[1m>[22m[39m[90m 79 |[39m         real([33m...[39margs)[33m;[39m
     [90m    |[39m         [31m[1m^[22m[39m
     [90m 80 |[39m     }[33m;[39m
     [90m 81 |[39m }
     [90m 82 |[39m[0m

      at console.<computed> [as warn] (__tests__/setup.ts:79:9)
      at broadcast (api/ws.ts:594:13)
      at ReactProjectTool.execute (modules/tools/definitions/ReactProjectTool.ts:6054:26)
      at __tests__/records-presentation-authoring.test.ts:155:62

    console.warn
      [WS] broadcast called but liveWssRef is null

    [0m [90m 77 |[39m     console[level] [33m=[39m ([33m...[39margs[33m:[39m any[]) [33m=>[39m {
     [90m 78 |[39m         [36mif[39m ([36mtypeof[39m args[[35m0[39m] [33m===[39m [32m'string'[39m 
[33m&&[39m [33mEXPECTED_AT_IMPORT[39m[33m.[39mtest(args[[35m0[39m])) [36mreturn[39m[33m;[39m
    [31m[1m>[22m[39m[90m 79 |[39m         real([33m...[39margs)[33m;[39m
     [90m    |[39m         [31m[1m^[22m[39m
     [90m 80 |[39m     }[33m;[39m
     [90m 81 |[39m }
     [90m 82 |[39m[0m

      at console.<computed> [as warn] (__tests__/setup.ts:79:9)
      at broadcast (api/ws.ts:594:13)
      at ReactProjectTool.execute (modules/tools/definitions/ReactProjectTool.ts:6054:26)
      at __tests__/records-presentation-authoring.test.ts:155:62

    console.warn
      [WS] broadcast called but liveWssRef is null

    [0m [90m 77 |[39m     console[level] [33m=[39m ([33m...[39margs[33m:[39m any[]) [33m=>[39m {
     [90m 78 |[39m         [36mif[39m ([36mtypeof[39m args[[35m0[39m] [33m===[39m [32m'string'[39m 
[33m&&[39m [33mEXPECTED_AT_IMPORT[39m[33m.[39mtest(args[[35m0[39m])) [36mreturn[39m[33m;[39m
    [31m[1m>[22m[39m[90m 79 |[39m         real([33m...[39margs)[33m;[39m
     [90m    |[39m         [31m[1m^[22m[39m
     [90m 80 |[39m     }[33m;[39m
     [90m 81 |[39m }
     [90m 82 |[39m[0m

      at console.<computed> [as warn] (__tests__/setup.ts:79:9)
      at broadcast (api/ws.ts:594:13)
      at ReactProjectTool.execute (modules/tools/definitions/ReactProjectTool.ts:6054:26)
      at __tests__/records-presentation-authoring.test.ts:155:62

    console.warn
      [WS] broadcast called but liveWssRef is null

    [0m [90m 77 |[39m     console[level] [33m=[39m ([33m...[39margs[33m:[39m any[]) [33m=>[39m {
     [90m 78 |[39m         [36mif[39m ([36mtypeof[39m args[[35m0[39m] [33m===[39m [32m'string'[39m 
[33m&&[39m [33mEXPECTED_AT_IMPORT[39m[33m.[39mtest(args[[35m0[39m])) [36mreturn[39m[33m;[39m
    [31m[1m>[22m[39m[90m 79 |[39m         real([33m...[39margs)[33m;[39m
     [90m    |[39m         [31m[1m^[22m[39m
     [90m 80 |[39m     }[33m;[39m
     [90m 81 |[39m }
     [90m 82 |[39m[0m

      at console.<computed> [as warn] (__tests__/setup.ts:79:9)
      at broadcast (api/ws.ts:594:13)
      at ReactProjectTool.execute (modules/tools/definitions/ReactProjectTool.ts:6054:26)
      at __tests__/records-presentation-authoring.test.ts:155:62

    console.warn
      [WS] broadcast called but liveWssRef is null

    [0m [90m 77 |[39m     console[level] [33m=[39m ([33m...[39margs[33m:[39m any[]) [33m=>[39m {
     [90m 78 |[39m         [36mif[39m ([36mtypeof[39m args[[35m0[39m] [33m===[39m [32m'string'[39m 
[33m&&[39m [33mEXPECTED_AT_IMPORT[39m[33m.[39mtest(args[[35m0[39m])) [36mreturn[39m[33m;[39m
    [31m[1m>[22m[39m[90m 79 |[39m         real([33m...[39margs)[33m;[39m
     [90m    |[39m         [31m[1m^[22m[39m
     [90m 80 |[39m     }[33m;[39m
     [90m 81 |[39m }
     [90m 82 |[39m[0m

      at console.<computed> [as warn] (__tests__/setup.ts:79:9)
      at broadcast (api/ws.ts:594:13)
      at ReactProjectTool.execute (modules/tools/definitions/ReactProjectTool.ts:6054:26)
      at __tests__/records-presentation-authoring.test.ts:155:62

    console.warn
      [WS] broadcast called but liveWssRef is null

    [0m [90m 77 |[39m     console[level] [33m=[39m ([33m...[39margs[33m:[39m any[]) [33m=>[39m {
     [90m 78 |[39m         [36mif[39m ([36mtypeof[39m args[[35m0[39m] [33m===[39m [32m'string'[39m 
[33m&&[39m [33mEXPECTED_AT_IMPORT[39m[33m.[39mtest(args[[35m0[39m])) [36mreturn[39m[33m;[39m
    [31m[1m>[22m[39m[90m 79 |[39m         real([33m...[39margs)[33m;[39m
     [90m    |[39m         [31m[1m^[22m[39m
     [90m 80 |[39m     }[33m;[39m
     [90m 81 |[39m }
     [90m 82 |[39m[0m

      at console.<computed> [as warn] (__tests__/setup.ts:79:9)
      at broadcast (api/ws.ts:594:13)
      at ReactProjectTool.execute (modules/tools/definitions/ReactProjectTool.ts:6054:26)
      at __tests__/records-presentation-authoring.test.ts:155:62

    console.warn
      [WS] broadcast called but liveWssRef is null

    [0m [90m 77 |[39m     console[level] [33m=[39m ([33m...[39margs[33m:[39m any[]) [33m=>[39m {
     [90m 78 |[39m         [36mif[39m ([36mtypeof[39m args[[35m0[39m] [33m===[39m [32m'string'[39m 
[33m&&[39m [33mEXPECTED_AT_IMPORT[39m[33m.[39mtest(args[[35m0[39m])) [36mreturn[39m[33m;[39m
    [31m[1m>[22m[39m[90m 79 |[39m         real([33m...[39margs)[33m;[39m
     [90m    |[39m         [31m[1m^[22m[39m
     [90m 80 |[39m     }[33m;[39m
     [90m 81 |[39m }
     [90m 82 |[39m[0m

      at console.<computed> [as warn] (__tests__/setup.ts:79:9)
      at broadcast (api/ws.ts:594:13)
      at ReactProjectTool.execute (modules/tools/definitions/ReactProjectTool.ts:6054:26)
      at __tests__/records-presentation-authoring.test.ts:155:62

    console.warn
      [WS] broadcast called but liveWssRef is null

    [0m [90m 77 |[39m     console[level] [33m=[39m ([33m...[39margs[33m:[39m any[]) [33m=>[39m {
     [90m 78 |[39m         [36mif[39m ([36mtypeof[39m args[[35m0[39m] [33m===[39m [32m'string'[39m 
[33m&&[39m [33mEXPECTED_AT_IMPORT[39m[33m.[39mtest(args[[35m0[39m])) [36mreturn[39m[33m;[39m
    [31m[1m>[22m[39m[90m 79 |[39m         real([33m...[39margs)[33m;[39m
     [90m    |[39m         [31m[1m^[22m[39m
     [90m 80 |[39m     }[33m;[39m
     [90m 81 |[39m }
     [90m 82 |[39m[0m

      at console.<computed> [as warn] (__tests__/setup.ts:79:9)
      at broadcast (api/ws.ts:594:13)
      at ReactProjectTool.execute (modules/tools/definitions/ReactProjectTool.ts:6054:26)
      at __tests__/records-presentation-authoring.test.ts:155:62

    console.warn
      [WS] broadcast called but liveWssRef is null

    [0m [90m 77 |[39m     console[level] [33m=[39m ([33m...[39margs[33m:[39m any[]) [33m=>[39m {
     [90m 78 |[39m         [36mif[39m ([36mtypeof[39m args[[35m0[39m] [33m===[39m [32m'string'[39m 
[33m&&[39m [33mEXPECTED_AT_IMPORT[39m[33m.[39mtest(args[[35m0[39m])) [36mreturn[39m[33m;[39m
    [31m[1m>[22m[39m[90m 79 |[39m         real([33m...[39margs)[33m;[39m
     [90m    |[39m         [31m[1m^[22m[39m
     [90m 80 |[39m     }[33m;[39m
     [90m 81 |[39m }
     [90m 82 |[39m[0m

      at console.<computed> [as warn] (__tests__/setup.ts:79:9)
      at broadcast (api/ws.ts:594:13)
      at ReactProjectTool.execute (modules/tools/definitions/ReactProjectTool.ts:6054:26)
      at __tests__/records-presentation-authoring.test.ts:155:62

    console.warn
      [WS] broadcast called but liveWssRef is null

    [0m [90m 77 |[39m     console[level] [33m=[39m ([33m...[39margs[33m:[39m any[]) [33m=>[39m {
     [90m 78 |[39m         [36mif[39m ([36mtypeof[39m args[[35m0[39m] [33m===[39m [32m'string'[39m 
[33m&&[39m [33mEXPECTED_AT_IMPORT[39m[33m.[39mtest(args[[35m0[39m])) [36mreturn[39m[33m;[39m
    [31m[1m>[22m[39m[90m 79 |[39m         real([33m...[39margs)[33m;[39m
     [90m    |[39m         [31m[1m^[22m[39m
     [90m 80 |[39m     }[33m;[39m
     [90m 81 |[39m }
     [90m 82 |[39m[0m

      at console.<computed> [as warn] (__tests__/setup.ts:79:9)
      at broadcast (api/ws.ts:594:13)
      at ReactProjectTool.execute (modules/tools/definitions/ReactProjectTool.ts:6054:26)
      at __tests__/records-presentation-authoring.test.ts:155:62

    console.warn
      [WS] broadcast called but liveWssRef is null

    [0m [90m 77 |[39m     console[level] [33m=[39m ([33m...[39margs[33m:[39m any[]) [33m=>[39m {
     [90m 78 |[39m         [36mif[39m ([36mtypeof[39m args[[35m0[39m] [33m===[39m [32m'string'[39m 
[33m&&[39m [33mEXPECTED_AT_IMPORT[39m[33m.[39mtest(args[[35m0[39m])) [36mreturn[39m[33m;[39m
    [31m[1m>[22m[39m[90m 79 |[39m         real([33m...[39margs)[33m;[39m
     [90m    |[39m         [31m[1m^[22m[39m
     [90m 80 |[39m     }[33m;[39m
     [90m 81 |[39m }
     [90m 82 |[39m[0m

      at console.<computed> [as warn] (__tests__/setup.ts:79:9)
      at broadcast (api/ws.ts:594:13)
      at ReactProjectTool.execute (modules/tools/definitions/ReactProjectTool.ts:6054:26)
      at __tests__/records-presentation-authoring.test.ts:155:62

    console.warn
      [WS] broadcast called but liveWssRef is null

    [0m [90m 77 |[39m     console[level] [33m=[39m ([33m...[39margs[33m:[39m any[]) [33m=>[39m {
     [90m 78 |[39m         [36mif[39m ([36mtypeof[39m args[[35m0[39m] [33m===[39m [32m'string'[39m 
[33m&&[39m [33mEXPECTED_AT_IMPORT[39m[33m.[39mtest(args[[35m0[39m])) [36mreturn[39m[33m;[39m
    [31m[1m>[22m[39m[90m 79 |[39m         real([33m...[39margs)[33m;[39m
     [90m    |[39m         [31m[1m^[22m[39m
     [90m 80 |[39m     }[33m;[39m
     [90m 81 |[39m }
     [90m 82 |[39m[0m

      at console.<computed> [as warn] (__tests__/setup.ts:79:9)
      at broadcast (api/ws.ts:594:13)
      at broadcastTerminalLine (api/ws.ts:703:5)
      at term (modules/tools/definitions/ReactProjectTool.ts:4340:38)
      at ReactProjectTool.execute (modules/tools/definitions/ReactProjectTool.ts:6259:13)
      at __tests__/records-presentation-authoring.test.ts:155:62

    console.warn
      [WS] broadcast called but liveWssRef is null

    [0m [90m 77 |[39m     console[level] [33m=[39m ([33m...[39margs[33m:[39m any[]) [33m=>[39m {
     [90m 78 |[39m         [36mif[39m ([36mtypeof[39m args[[35m0[39m] [33m===[39m [32m'string'[39m 
[33m&&[39m [33mEXPECTED_AT_IMPORT[39m[33m.[39mtest(args[[35m0[39m])) [36mreturn[39m[33m;[39m
    [31m[1m>[22m[39m[90m 79 |[39m         real([33m...[39margs)[33m;[39m
     [90m    |[39m         [31m[1m^[22m[39m
     [90m 80 |[39m     }[33m;[39m
     [90m 81 |[39m }
     [90m 82 |[39m[0m

      at console.<computed> [as warn] (__tests__/setup.ts:79:9)
      at broadcast (api/ws.ts:594:13)
      at ReactProjectTool.execute (modules/tools/definitions/ReactProjectTool.ts:6497:30)
      at __tests__/records-presentation-authoring.test.ts:155:33

    console.warn
      [WS] broadcast called but liveWssRef is null

    [0m [90m 77 |[39m     console[level] [33m=[39m ([33m...[39margs[33m:[39m any[]) [33m=>[39m {
     [90m 78 |[39m         [36mif[39m ([36mtypeof[39m args[[35m0[39m] [33m===[39m [32m'string'[39m 
[33m&&[39m [33mEXPECTED_AT_IMPORT[39m[33m.[39mtest(args[[35m0[39m])) [36mreturn[39m[33m;[39m
    [31m[1m>[22m[39m[90m 79 |[39m         real([33m...[39margs)[33m;[39m
     [90m    |[39m         [31m[1m^[22m[39m
     [90m 80 |[39m     }[33m;[39m
     [90m 81 |[39m }
     [90m 82 |[39m[0m

      at console.<computed> [as warn] (__tests__/setup.ts:79:9)
      at broadcast (api/ws.ts:594:13)
      at broadcastTerminalLine (api/ws.ts:703:5)
      at term (modules/tools/definitions/ReactProjectTool.ts:4340:38)
      at ReactProjectTool.execute (modules/tools/definitions/ReactProjectTool.ts:6499:17)
      at __tests__/records-presentation-authoring.test.ts:155:33

    console.warn
      [WS] broadcast called but liveWssRef is null

    [0m [90m 77 |[39m     console[level] [33m=[39m ([33m...[39margs[33m:[39m any[]) [33m=>[39m {
     [90m 78 |[39m         [36mif[39m ([36mtypeof[39m args[[35m0[39m] [33m===[39m [32m'string'[39m 
[33m&&[39m [33mEXPECTED_AT_IMPORT[39m[33m.[39mtest(args[[35m0[39m])) [36mreturn[39m[33m;[39m
    [31m[1m>[22m[39m[90m 79 |[39m         real([33m...[39margs)[33m;[39m
     [90m    |[39m         [31m[1m^[22m[39m
     [90m 80 |[39m     }[33m;[39m
     [90m 81 |[39m }
     [90m 82 |[39m[0m

      at console.<computed> [as warn] (__tests__/setup.ts:79:9)
      at broadcast (api/ws.ts:594:13)
      at broadcastTerminalLine (api/ws.ts:703:5)
      at Object.term [as onEvent] (modules/tools/definitions/ReactProjectTool.ts:4340:38)
      at repairCapabilityGapsOnce (modules/tools/definitions/ReactProjectTool.ts:1144:20)
      at ReactProjectTool.execute (modules/tools/definitions/ReactProjectTool.ts:6509:29)
      at __tests__/records-presentation-authoring.test.ts:155:33

    console.warn
      [WS] broadcast called but liveWssRef is null

    [0m [90m 77 |[39m     console[level] [33m=[39m ([33m...[39margs[33m:[39m any[]) [33m=>[39m {
     [90m 78 |[39m         [36mif[39m ([36mtypeof[39m args[[35m0[39m] [33m===[39m [32m'string'[39m 
[33m&&[39m [33mEXPECTED_AT_IMPORT[39m[33m.[39mtest(args[[35m0[39m])) [36mreturn[39m[33m;[39m
    [31m[1m>[22m[39m[90m 79 |[39m         real([33m...[39margs)[33m;[39m
     [90m    |[39m         [31m[1m^[22m[39m
     [90m 80 |[39m     }[33m;[39m
     [90m 81 |[39m }
     [90m 82 |[39m[0m

      at console.<computed> [as warn] (__tests__/setup.ts:79:9)
      at broadcast (api/ws.ts:594:13)
      at broadcastTerminalLine (api/ws.ts:703:5)
      at Object.term [as onEvent] (modules/tools/definitions/ReactProjectTool.ts:4340:38)
      at repairCapabilityGapsOnce (modules/tools/definitions/ReactProjectTool.ts:1196:25)
      at ReactProjectTool.execute (modules/tools/definitions/ReactProjectTool.ts:6509:23)
      at __tests__/records-presentation-authoring.test.ts:155:33

    console.warn
      [WS] broadcast called but liveWssRef is null

    [0m [90m 77 |[39m     console[level] [33m=[39m ([33m...[39margs[33m:[39m any[]) [33m=>[39m {
     [90m 78 |[39m         [36mif[39m ([36mtypeof[39m args[[35m0[39m] [33m===[39m [32m'string'[39m 
[33m&&[39m [33mEXPECTED_AT_IMPORT[39m[33m.[39mtest(args[[35m0[39m])) [36mreturn[39m[33m;[39m
    [31m[1m>[22m[39m[90m 79 |[39m         real([33m...[39margs)[33m;[39m
     [90m    |[39m         [31m[1m^[22m[39m
     [90m 80 |[39m     }[33m;[39m
     [90m 81 |[39m }
     [90m 82 |[39m[0m

      at console.<computed> [as warn] (__tests__/setup.ts:79:9)
      at broadcast (api/ws.ts:594:13)
      at broadcastTerminalLine (api/ws.ts:703:5)
      at term (modules/tools/definitions/ReactProjectTool.ts:4340:38)
      at ReactProjectTool.execute (modules/tools/definitions/ReactProjectTool.ts:6548:25)
      at __tests__/records-presentation-authoring.test.ts:155:33

    console.warn
      [WS] broadcast called but liveWssRef is null

    [0m [90m 77 |[39m     console[level] [33m=[39m ([33m...[39margs[33m:[39m any[]) [33m=>[39m {
     [90m 78 |[39m         [36mif[39m ([36mtypeof[39m args[[35m0[39m] [33m===[39m [32m'string'[39m 
[33m&&[39m [33mEXPECTED_AT_IMPORT[39m[33m.[39mtest(args[[35m0[39m])) [36mreturn[39m[33m;[39m
    [31m[1m>[22m[39m[90m 79 |[39m         real([33m...[39margs)[33m;[39m
     [90m    |[39m         [31m[1m^[22m[39m
     [90m 80 |[39m     }[33m;[39m
     [90m 81 |[39m }
     [90m 82 |[39m[0m

      at console.<computed> [as warn] (__tests__/setup.ts:79:9)
      at broadcast (api/ws.ts:594:13)
      at broadcastTerminalLine (api/ws.ts:703:5)
      at term (modules/tools/definitions/ReactProjectTool.ts:4340:38)
      at ReactProjectTool.execute (modules/tools/definitions/ReactProjectTool.ts:6602:17)
      at __tests__/records-presentation-authoring.test.ts:155:33

    console.warn
      [WS] broadcast called but liveWssRef is null

    [0m [90m 77 |[39m     console[level] [33m=[39m ([33m...[39margs[33m:[39m any[]) [33m=>[39m {
     [90m 78 |[39m         [36mif[39m ([36mtypeof[39m args[[35m0[39m] [33m===[39m [32m'string'[39m 
[33m&&[39m [33mEXPECTED_AT_IMPORT[39m[33m.[39mtest(args[[35m0[39m])) [36mreturn[39m[33m;[39m
    [31m[1m>[22m[39m[90m 79 |[39m         real([33m...[39margs)[33m;[39m
     [90m    |[39m         [31m[1m^[22m[39m
     [90m 80 |[39m     }[33m;[39m
     [90m 81 |[39m }
     [90m 82 |[39m[0m

      at console.<computed> [as warn] (__tests__/setup.ts:79:9)
      at broadcast (api/ws.ts:594:13)
      at broadcastTerminalLine (api/ws.ts:703:5)
      at term (modules/tools/definitions/ReactProjectTool.ts:4340:38)
      at ReactProjectTool.execute (modules/tools/definitions/ReactProjectTool.ts:6626:9)
      at __tests__/records-presentation-authoring.test.ts:155:33

    console.warn
      [WS] broadcast called but liveWssRef is null

    [0m [90m 77 |[39m     console[level] [33m=[39m ([33m...[39margs[33m:[39m any[]) [33m=>[39m {
     [90m 78 |[39m         [36mif[39m ([36mtypeof[39m args[[35m0[39m] [33m===[39m [32m'string'[39m 
[33m&&[39m [33mEXPECTED_AT_IMPORT[39m[33m.[39mtest(args[[35m0[39m])) [36mreturn[39m[33m;[39m
    [31m[1m>[22m[39m[90m 79 |[39m         real([33m...[39margs)[33m;[39m
     [90m    |[39m         [31m[1m^[22m[39m
     [90m 80 |[39m     }[33m;[39m
     [90m 81 |[39m }
     [90m 82 |[39m[0m

      at console.<computed> [as warn] (__tests__/setup.ts:79:9)
      at broadcast (api/ws.ts:594:13)
      at broadcastTerminalLine (api/ws.ts:703:5)
      at term (modules/tools/definitions/ReactProjectTool.ts:4340:38)
      at ReactProjectTool.execute (modules/tools/definitions/ReactProjectTool.ts:8081:9)
      at __tests__/records-presentation-authoring.test.ts:155:33

    console.warn
      [WS] broadcast called but liveWssRef is null

    [0m [90m 77 |[39m     console[level] [33m=[39m ([33m...[39margs[33m:[39m any[]) [33m=>[39m {
     [90m 78 |[39m         [36mif[39m ([36mtypeof[39m args[[35m0[39m] [33m===[39m [32m'string'[39m 
[33m&&[39m [33mEXPECTED_AT_IMPORT[39m[33m.[39mtest(args[[35m0[39m])) [36mreturn[39m[33m;[39m
    [31m[1m>[22m[39m[90m 79 |[39m         real([33m...[39margs)[33m;[39m
     [90m    |[39m         [31m[1m^[22m[39m
     [90m 80 |[39m     }[33m;[39m
     [90m 81 |[39m }
     [90m 82 |[39m[0m

      at console.<computed> [as warn] (__tests__/setup.ts:79:9)
      at broadcast (api/ws.ts:594:13)
      at broadcastTerminalLine (api/ws.ts:703:5)
      at term (modules/tools/definitions/ReactProjectTool.ts:4340:38)
      at ReactProjectTool.execute (modules/tools/definitions/ReactProjectTool.ts:8151:9)
      at __tests__/records-presentation-authoring.test.ts:155:33

    console.warn
      [WS] broadcast called but liveWssRef is null

    [0m [90m 77 |[39m     console[level] [33m=[39m ([33m...[39margs[33m:[39m any[]) [33m=>[39m {
     [90m 78 |[39m         [36mif[39m ([36mtypeof[39m args[[35m0[39m] [33m===[39m [32m'string'[39m 
[33m&&[39m [33mEXPECTED_AT_IMPORT[39m[33m.[39mtest(args[[35m0[39m])) [36mreturn[39m[33m;[39m
    [31m[1m>[22m[39m[90m 79 |[39m         real([33m...[39margs)[33m;[39m
     [90m    |[39m         [31m[1m^[22m[39m
     [90m 80 |[39m     }[33m;[39m
     [90m 81 |[39m }
     [90m 82 |[39m[0m

      at console.<computed> [as warn] (__tests__/setup.ts:79:9)
      at broadcast (api/ws.ts:594:13)
      at broadcastTerminalLine (api/ws.ts:703:5)
      at term (modules/tools/definitions/ReactProjectTool.ts:4340:38)
      at ReactProjectTool.execute (modules/tools/definitions/ReactProjectTool.ts:8239:9)
      at __tests__/records-presentation-authoring.test.ts:155:33

    console.warn
      [WS] broadcast called but liveWssRef is null

    [0m [90m 77 |[39m     console[level] [33m=[39m ([33m...[39margs[33m:[39m any[]) [33m=>[39m {
     [90m 78 |[39m         [36mif[39m ([36mtypeof[39m args[[35m0[39m] [33m===[39m [32m'string'[39m 
[33m&&[39m [33mEXPECTED_AT_IMPORT[39m[33m.[39mtest(args[[35m0[39m])) [36mreturn[39m[33m;[39m
    [31m[1m>[22m[39m[90m 79 |[39m         real([33m...[39margs)[33m;[39m
     [90m    |[39m         [31m[1m^[22m[39m
     [90m 80 |[39m     }[33m;[39m
     [90m 81 |[39m }
     [90m 82 |[39m[0m

      at console.<computed> [as warn] (__tests__/setup.ts:79:9)
      at broadcast (api/ws.ts:594:13)
      at broadcastTerminalLine (api/ws.ts:703:5)
      at term (modules/tools/definitions/ReactProjectTool.ts:4340:38)
      at ReactProjectTool.execute (modules/tools/definitions/ReactProjectTool.ts:8442:49)
      at __tests__/records-presentation-authoring.test.ts:155:33

    console.warn
      [WS] broadcast called but liveWssRef is null

    [0m [90m 77 |[39m     console[level] [33m=[39m ([33m...[39margs[33m:[39m any[]) [33m=>[39m {
     [90m 78 |[39m         [36mif[39m ([36mtypeof[39m args[[35m0[39m] [33m===[39m [32m'string'[39m 
[33m&&[39m [33mEXPECTED_AT_IMPORT[39m[33m.[39mtest(args[[35m0[39m])) [36mreturn[39m[33m;[39m
    [31m[1m>[22m[39m[90m 79 |[39m         real([33m...[39margs)[33m;[39m
     [90m    |[39m         [31m[1m^[22m[39m
     [90m 80 |[39m     }[33m;[39m
     [90m 81 |[39m }
     [90m 82 |[39m[0m

      at console.<computed> [as warn] (__tests__/setup.ts:79:9)
      at broadcast (api/ws.ts:594:13)
      at broadcastTerminalLine (api/ws.ts:703:5)
      at term (modules/tools/definitions/ReactProjectTool.ts:4340:38)
      at ReactProjectTool.execute (modules/tools/definitions/ReactProjectTool.ts:8666:13)
      at __tests__/records-presentation-authoring.test.ts:155:33

    console.warn
      [WS] broadcast called but liveWssRef is null

    [0m [90m 77 |[39m     console[level] [33m=[39m ([33m...[39margs[33m:[39m any[]) [33m=>[39m {
     [90m 78 |[39m         [36mif[39m ([36mtypeof[39m args[[35m0[39m] [33m===[39m [32m'string'[39m 
[33m&&[39m [33mEXPECTED_AT_IMPORT[39m[33m.[39mtest(args[[35m0[39m])) [36mreturn[39m[33m;[39m
    [31m[1m>[22m[39m[90m 79 |[39m         real([33m...[39margs)[33m;[39m
     [90m    |[39m         [31m[1m^[22m[39m
     [90m 80 |[39m     }[33m;[39m
     [90m 81 |[39m }
     [90m 82 |[39m[0m

      at console.<computed> [as warn] (__tests__/setup.ts:79:9)
      at broadcast (api/ws.ts:594:13)
      at ReactProjectTool.execute (modules/tools/definitions/ReactProjectTool.ts:4334:24)
      at Object.<anonymous> (__tests__/records-presentation-authoring.test.ts:184:62)

    console.warn
      [WS] broadcast called but liveWssRef is null

    [0m [90m 77 |[39m     console[level] [33m=[39m ([33m...[39margs[33m:[39m any[]) [33m=>[39m {
     [90m 78 |[39m         [36mif[39m ([36mtypeof[39m args[[35m0[39m] [33m===[39m [32m'string'[39m 
[33m&&[39m [33mEXPECTED_AT_IMPORT[39m[33m.[39mtest(args[[35m0[39m])) [36mreturn[39m[33m;[39m
    [31m[1m>[22m[39m[90m 79 |[39m         real([33m...[39margs)[33m;[39m
     [90m    |[39m         [31m[1m^[22m[39m
     [90m 80 |[39m     }[33m;[39m
     [90m 81 |[39m }
     [90m 82 |[39m[0m

      at console.<computed> [as warn] (__tests__/setup.ts:79:9)
      at broadcast (api/ws.ts:594:13)
      at broadcastTerminalLine (api/ws.ts:703:5)
      at term (modules/tools/definitions/ReactProjectTool.ts:4340:38)
      at ReactProjectTool.execute (modules/tools/definitions/ReactProjectTool.ts:4498:13)
      at Object.<anonymous> (__tests__/records-presentation-authoring.test.ts:184:62)

    console.warn
      [WS] broadcast called but liveWssRef is null

    [0m [90m 77 |[39m     console[level] [33m=[39m ([33m...[39margs[33m:[39m any[]) [33m=>[39m {
     [90m 78 |[39m         [36mif[39m ([36mtypeof[39m args[[35m0[39m] [33m===[39m [32m'string'[39m 
[33m&&[39m [33mEXPECTED_AT_IMPORT[39m[33m.[39mtest(args[[35m0[39m])) [36mreturn[39m[33m;[39m
    [31m[1m>[22m[39m[90m 79 |[39m         real([33m...[39margs)[33m;[39m
     [90m    |[39m         [31m[1m^[22m[39m
     [90m 80 |[39m     }[33m;[39m
     [90m 81 |[39m }
     [90m 82 |[39m[0m

      at console.<computed> [as warn] (__tests__/setup.ts:79:9)
      at broadcast (api/ws.ts:594:13)
      at ReactProjectTool.execute (modules/tools/definitions/ReactProjectTool.ts:4575:22)
      at Object.<anonymous> (__tests__/records-presentation-authoring.test.ts:184:62)

    console.warn
      [WS] broadcast called but liveWssRef is null

    [0m [90m 77 |[39m     console[level] [33m=[39m ([33m...[39margs[33m:[39m any[]) [33m=>[39m {
     [90m 78 |[39m         [36mif[39m ([36mtypeof[39m args[[35m0[39m] [33m===[39m [32m'string'[39m 
[33m&&[39m [33mEXPECTED_AT_IMPORT[39m[33m.[39mtest(args[[35m0[39m])) [36mreturn[39m[33m;[39m
    [31m[1m>[22m[39m[90m 79 |[39m         real([33m...[39margs)[33m;[39m
     [90m    |[39m         [31m[1m^[22m[39m
     [90m 80 |[39m     }[33m;[39m
     [90m 81 |[39m }
     [90m 82 |[39m[0m

      at console.<computed> [as warn] (__tests__/setup.ts:79:9)
      at broadcast (api/ws.ts:594:13)
      at broadcastTerminalLine (api/ws.ts:703:5)
      at term (modules/tools/definitions/ReactProjectTool.ts:4340:38)
      at ReactProjectTool.execute (modules/tools/definitions/ReactProjectTool.ts:4678:9)
      at Object.<anonymous> (__tests__/records-presentation-authoring.test.ts:184:62)

    console.warn
      [WS] broadcast called but liveWssRef is null

    [0m [90m 77 |[39m     console[level] [33m=[39m ([33m...[39margs[33m:[39m any[]) [33m=>[39m {
     [90m 78 |[39m         [36mif[39m ([36mtypeof[39m args[[35m0[39m] [33m===[39m [32m'string'[39m 
[33m&&[39m [33mEXPECTED_AT_IMPORT[39m[33m.[39mtest(args[[35m0[39m])) [36mreturn[39m[33m;[39m
    [31m[1m>[22m[39m[90m 79 |[39m         real([33m...[39margs)[33m;[39m
     [90m    |[39m         [31m[1m^[22m[39m
     [90m 80 |[39m     }[33m;[39m
     [90m 81 |[39m }
     [90m 82 |[39m[0m

      at console.<computed> [as warn] (__tests__/setup.ts:79:9)
      at broadcast (api/ws.ts:594:13)
      at broadcastThinkingDetail (api/ws.ts:725:3)
      at ReactProjectTool.execute (modules/tools/definitions/ReactProjectTool.ts:5075:47)
      at Object.<anonymous> (__tests__/records-presentation-authoring.test.ts:184:62)

    console.warn
      [WS] broadcast called but liveWssRef is null

    [0m [90m 77 |[39m     console[level] [33m=[39m ([33m...[39margs[33m:[39m any[]) [33m=>[39m {
     [90m 78 |[39m         [36mif[39m ([36mtypeof[39m args[[35m0[39m] [33m===[39m [32m'string'[39m 
[33m&&[39m [33mEXPECTED_AT_IMPORT[39m[33m.[39mtest(args[[35m0[39m])) [36mreturn[39m[33m;[39m
    [31m[1m>[22m[39m[90m 79 |[39m         real([33m...[39margs)[33m;[39m
     [90m    |[39m         [31m[1m^[22m[39m
     [90m 80 |[39m     }[33m;[39m
     [90m 81 |[39m }
     [90m 82 |[39m[0m

      at console.<computed> [as warn] (__tests__/setup.ts:79:9)
      at broadcast (api/ws.ts:594:13)
      at broadcastTerminalLine (api/ws.ts:703:5)
      at term (modules/tools/definitions/ReactProjectTool.ts:4340:38)
      at ReactProjectTool.execute (modules/tools/definitions/ReactProjectTool.ts:5682:13)
      at Object.<anonymous> (__tests__/records-presentation-authoring.test.ts:184:62)

    console.warn
      [WS] broadcast called but liveWssRef is null

    [0m [90m 77 |[39m     console[level] [33m=[39m ([33m...[39margs[33m:[39m any[]) [33m=>[39m {
     [90m 78 |[39m         [36mif[39m ([36mtypeof[39m args[[35m0[39m] [33m===[39m [32m'string'[39m 
[33m&&[39m [33mEXPECTED_AT_IMPORT[39m[33m.[39mtest(args[[35m0[39m])) [36mreturn[39m[33m;[39m
    [31m[1m>[22m[39m[90m 79 |[39m         real([33m...[39margs)[33m;[39m
     [90m    |[39m         [31m[1m^[22m[39m
     [90m 80 |[39m     }[33m;[39m
     [90m 81 |[39m }
     [90m 82 |[39m[0m

      at console.<computed> [as warn] (__tests__/setup.ts:79:9)
      at broadcast (api/ws.ts:594:13)
      at ReactProjectTool.execute (modules/tools/definitions/ReactProjectTool.ts:6054:26)
      at Object.<anonymous> (__tests__/records-presentation-authoring.test.ts:184:62)

    console.warn
      [WS] broadcast called but liveWssRef is null

    [0m [90m 77 |[39m     console[level] [33m=[39m ([33m...[39margs[33m:[39m any[]) [33m=>[39m {
     [90m 78 |[39m         [36mif[39m ([36mtypeof[39m args[[35m0[39m] [33m===[39m [32m'string'[39m 
[33m&&[39m [33mEXPECTED_AT_IMPORT[39m[33m.[39mtest(args[[35m0[39m])) [36mreturn[39m[33m;[39m
    [31m[1m>[22m[39m[90m 79 |[39m         real([33m...[39margs)[33m;[39m
     [90m    |[39m         [31m[1m^[22m[39m
     [90m 80 |[39m     }[33m;[39m
     [90m 81 |[39m }
     [90m 82 |[39m[0m

      at console.<computed> [as warn] (__tests__/setup.ts:79:9)
      at broadcast (api/ws.ts:594:13)
      at ReactProjectTool.execute (modules/tools/definitions/ReactProjectTool.ts:6054:26)
      at Object.<anonymous> (__tests__/records-presentation-authoring.test.ts:184:62)

    console.warn
      [WS] broadcast called but liveWssRef is null

    [0m [90m 77 |[39m     console[level] [33m=[39m ([33m...[39margs[33m:[39m any[]) [33m=>[39m {
     [90m 78 |[39m         [36mif[39m ([36mtypeof[39m args[[35m0[39m] [33m===[39m [32m'string'[39m 
[33m&&[39m [33mEXPECTED_AT_IMPORT[39m[33m.[39mtest(args[[35m0[39m])) [36mreturn[39m[33m;[39m
    [31m[1m>[22m[39m[90m 79 |[39m         real([33m...[39margs)[33m;[39m
     [90m    |[39m         [31m[1m^[22m[39m
     [90m 80 |[39m     }[33m;[39m
     [90m 81 |[39m }
     [90m 82 |[39m[0m

      at console.<computed> [as warn] (__tests__/setup.ts:79:9)
      at broadcast (api/ws.ts:594:13)
      at ReactProjectTool.execute (modules/tools/definitions/ReactProjectTool.ts:6054:26)
      at Object.<anonymous> (__tests__/records-presentation-authoring.test.ts:184:62)

    console.warn
      [WS] broadcast called but liveWssRef is null

    [0m [90m 77 |[39m     console[level] [33m=[39m ([33m...[39margs[33m:[39m any[]) [33m=>[39m {
     [90m 78 |[39m         [36mif[39m ([36mtypeof[39m args[[35m0[39m] [33m===[39m [32m'string'[39m 
[33m&&[39m [33mEXPECTED_AT_IMPORT[39m[33m.[39mtest(args[[35m0[39m])) [36mreturn[39m[33m;[39m
    [31m[1m>[22m[39m[90m 79 |[39m         real([33m...[39margs)[33m;[39m
     [90m    |[39m         [31m[1m^[22m[39m
     [90m 80 |[39m     }[33m;[39m
     [90m 81 |[39m }
     [90m 82 |[39m[0m

      at console.<computed> [as warn] (__tests__/setup.ts:79:9)
      at broadcast (api/ws.ts:594:13)
      at ReactProjectTool.execute (modules/tools/definitions/ReactProjectTool.ts:6054:26)
      at Object.<anonymous> (__tests__/records-presentation-authoring.test.ts:184:62)

    console.warn
      [WS] broadcast called but liveWssRef is null

    [0m [90m 77 |[39m     console[level] [33m=[39m ([33m...[39margs[33m:[39m any[]) [33m=>[39m {
     [90m 78 |[39m         [36mif[39m ([36mtypeof[39m args[[35m0[39m] [33m===[39m [32m'string'[39m 
[33m&&[39m [33mEXPECTED_AT_IMPORT[39m[33m.[39mtest(args[[35m0[39m])) [36mreturn[39m[33m;[39m
    [31m[1m>[22m[39m[90m 79 |[39m         real([33m...[39margs)[33m;[39m
     [90m    |[39m         [31m[1m^[22m[39m
     [90m 80 |[39m     }[33m;[39m
     [90m 81 |[39m }
     [90m 82 |[39m[0m

      at console.<computed> [as warn] (__tests__/setup.ts:79:9)
      at broadcast (api/ws.ts:594:13)
      at ReactProjectTool.execute (modules/tools/definitions/ReactProjectTool.ts:6054:26)
      at Object.<anonymous> (__tests__/records-presentation-authoring.test.ts:184:62)

    console.warn
      [WS] broadcast called but liveWssRef is null

    [0m [90m 77 |[39m     console[level] [33m=[39m ([33m...[39margs[33m:[39m any[]) [33m=>[39m {
     [90m 78 |[39m         [36mif[39m ([36mtypeof[39m args[[35m0[39m] [33m===[39m [32m'string'[39m 
[33m&&[39m [33mEXPECTED_AT_IMPORT[39m[33m.[39mtest(args[[35m0[39m])) [36mreturn[39m[33m;[39m
    [31m[1m>[22m[39m[90m 79 |[39m         real([33m...[39margs)[33m;[39m
     [90m    |[39m         [31m[1m^[22m[39m
     [90m 80 |[39m     }[33m;[39m
     [90m 81 |[39m }
     [90m 82 |[39m[0m

      at console.<computed> [as warn] (__tests__/setup.ts:79:9)
      at broadcast (api/ws.ts:594:13)
      at ReactProjectTool.execute (modules/tools/definitions/ReactProjectTool.ts:6054:26)
      at Object.<anonymous> (__tests__/records-presentation-authoring.test.ts:184:62)

    console.warn
      [WS] broadcast called but liveWssRef is null

    [0m [90m 77 |[39m     console[level] [33m=[39m ([33m...[39margs[33m:[39m any[]) [33m=>[39m {
     [90m 78 |[39m         [36mif[39m ([36mtypeof[39m args[[35m0[39m] [33m===[39m [32m'string'[39m 
[33m&&[39m [33mEXPECTED_AT_IMPORT[39m[33m.[39mtest(args[[35m0[39m])) [36mreturn[39m[33m;[39m
    [31m[1m>[22m[39m[90m 79 |[39m         real([33m...[39margs)[33m;[39m
     [90m    |[39m         [31m[1m^[22m[39m
     [90m 80 |[39m     }[33m;[39m
     [90m 81 |[39m }
     [90m 82 |[39m[0m

      at console.<computed> [as warn] (__tests__/setup.ts:79:9)
      at broadcast (api/ws.ts:594:13)
      at ReactProjectTool.execute (modules/tools/definitions/ReactProjectTool.ts:6054:26)
      at Object.<anonymous> (__tests__/records-presentation-authoring.test.ts:184:62)

    console.warn
      [WS] broadcast called but liveWssRef is null

    [0m [90m 77 |[39m     console[level] [33m=[39m ([33m...[39margs[33m:[39m any[]) [33m=>[39m {
     [90m 78 |[39m         [36mif[39m ([36mtypeof[39m args[[35m0[39m] [33m===[39m [32m'string'[39m 
[33m&&[39m [33mEXPECTED_AT_IMPORT[39m[33m.[39mtest(args[[35m0[39m])) [36mreturn[39m[33m;[39m
    [31m[1m>[22m[39m[90m 79 |[39m         real([33m...[39margs)[33m;[39m
     [90m    |[39m         [31m[1m^[22m[39m
     [90m 80 |[39m     }[33m;[39m
     [90m 81 |[39m }
     [90m 82 |[39m[0m

      at console.<computed> [as warn] (__tests__/setup.ts:79:9)
      at broadcast (api/ws.ts:594:13)
      at ReactProjectTool.execute (modules/tools/definitions/ReactProjectTool.ts:6054:26)
      at Object.<anonymous> (__tests__/records-presentation-authoring.test.ts:184:62)

    console.warn
      [WS] broadcast called but liveWssRef is null

    [0m [90m 77 |[39m     console[level] [33m=[39m ([33m...[39margs[33m:[39m any[]) [33m=>[39m {
     [90m 78 |[39m         [36mif[39m ([36mtypeof[39m args[[35m0[39m] [33m===[39m [32m'string'[39m 
[33m&&[39m [33mEXPECTED_AT_IMPORT[39m[33m.[39mtest(args[[35m0[39m])) [36mreturn[39m[33m;[39m
    [31m[1m>[22m[39m[90m 79 |[39m         real([33m...[39margs)[33m;[39m
     [90m    |[39m         [31m[1m^[22m[39m
     [90m 80 |[39m     }[33m;[39m
     [90m 81 |[39m }
     [90m 82 |[39m[0m

      at console.<computed> [as warn] (__tests__/setup.ts:79:9)
      at broadcast (api/ws.ts:594:13)
      at ReactProjectTool.execute (modules/tools/definitions/ReactProjectTool.ts:6054:26)
      at Object.<anonymous> (__tests__/records-presentation-authoring.test.ts:184:62)

    console.warn
      [WS] broadcast called but liveWssRef is null

    [0m [90m 77 |[39m     console[level] [33m=[39m ([33m...[39margs[33m:[39m any[]) [33m=>[39m {
     [90m 78 |[39m         [36mif[39m ([36mtypeof[39m args[[35m0[39m] [33m===[39m [32m'string'[39m 
[33m&&[39m [33mEXPECTED_AT_IMPORT[39m[33m.[39mtest(args[[35m0[39m])) [36mreturn[39m[33m;[39m
    [31m[1m>[22m[39m[90m 79 |[39m         real([33m...[39margs)[33m;[39m
     [90m    |[39m         [31m[1m^[22m[39m
     [90m 80 |[39m     }[33m;[39m
     [90m 81 |[39m }
     [90m 82 |[39m[0m

      at console.<computed> [as warn] (__tests__/setup.ts:79:9)
      at broadcast (api/ws.ts:594:13)
      at ReactProjectTool.execute (modules/tools/definitions/ReactProjectTool.ts:6054:26)
      at Object.<anonymous> (__tests__/records-presentation-authoring.test.ts:184:62)

    console.warn
      [WS] broadcast called but liveWssRef is null

    [0m [90m 77 |[39m     console[level] [33m=[39m ([33m...[39margs[33m:[39m any[]) [33m=>[39m {
     [90m 78 |[39m         [36mif[39m ([36mtypeof[39m args[[35m0[39m] [33m===[39m [32m'string'[39m 
[33m&&[39m [33mEXPECTED_AT_IMPORT[39m[33m.[39mtest(args[[35m0[39m])) [36mreturn[39m[33m;[39m
    [31m[1m>[22m[39m[90m 79 |[39m         real([33m...[39margs)[33m;[39m
     [90m    |[39m         [31m[1m^[22m[39m
     [90m 80 |[39m     }[33m;[39m
     [90m 81 |[39m }
     [90m 82 |[39m[0m

      at console.<computed> [as warn] (__tests__/setup.ts:79:9)
      at broadcast (api/ws.ts:594:13)
      at ReactProjectTool.execute (modules/tools/definitions/ReactProjectTool.ts:6054:26)
      at Object.<anonymous> (__tests__/records-presentation-authoring.test.ts:184:62)

    console.warn
      [WS] broadcast called but liveWssRef is null

    [0m [90m 77 |[39m     console[level] [33m=[39m ([33m...[39margs[33m:[39m any[]) [33m=>[39m {
     [90m 78 |[39m         [36mif[39m ([36mtypeof[39m args[[35m0[39m] [33m===[39m [32m'string'[39m 
[33m&&[39m [33mEXPECTED_AT_IMPORT[39m[33m.[39mtest(args[[35m0[39m])) [36mreturn[39m[33m;[39m
    [31m[1m>[22m[39m[90m 79 |[39m         real([33m...[39margs)[33m;[39m
     [90m    |[39m         [31m[1m^[22m[39m
     [90m 80 |[39m     }[33m;[39m
     [90m 81 |[39m }
     [90m 82 |[39m[0m

      at console.<computed> [as warn] (__tests__/setup.ts:79:9)
      at broadcast (api/ws.ts:594:13)
      at ReactProjectTool.execute (modules/tools/definitions/ReactProjectTool.ts:6054:26)
      at Object.<anonymous> (__tests__/records-presentation-authoring.test.ts:184:62)

    console.warn
      [WS] broadcast called but liveWssRef is null

    [0m [90m 77 |[39m     console[level] [33m=[39m ([33m...[39margs[33m:[39m any[]) [33m=>[39m {
     [90m 78 |[39m         [36mif[39m ([36mtypeof[39m args[[35m0[39m] [33m===[39m [32m'string'[39m 
[33m&&[39m [33mEXPECTED_AT_IMPORT[39m[33m.[39mtest(args[[35m0[39m])) [36mreturn[39m[33m;[39m
    [31m[1m>[22m[39m[90m 79 |[39m         real([33m...[39margs)[33m;[39m
     [90m    |[39m         [31m[1m^[22m[39m
     [90m 80 |[39m     }[33m;[39m
     [90m 81 |[39m }
     [90m 82 |[39m[0m

      at console.<computed> [as warn] (__tests__/setup.ts:79:9)
      at broadcast (api/ws.ts:594:13)
      at ReactProjectTool.execute (modules/tools/definitions/ReactProjectTool.ts:6054:26)
      at Object.<anonymous> (__tests__/records-presentation-authoring.test.ts:184:62)

    console.warn
      [WS] broadcast called but liveWssRef is null

    [0m [90m 77 |[39m     console[level] [33m=[39m ([33m...[39margs[33m:[39m any[]) [33m=>[39m {
     [90m 78 |[39m         [36mif[39m ([36mtypeof[39m args[[35m0[39m] [33m===[39m [32m'string'[39m 
[33m&&[39m [33mEXPECTED_AT_IMPORT[39m[33m.[39mtest(args[[35m0[39m])) [36mreturn[39m[33m;[39m
    [31m[1m>[22m[39m[90m 79 |[39m         real([33m...[39margs)[33m;[39m
     [90m    |[39m         [31m[1m^[22m[39m
     [90m 80 |[39m     }[33m;[39m
     [90m 81 |[39m }
     [90m 82 |[39m[0m

      at console.<computed> [as warn] (__tests__/setup.ts:79:9)
      at broadcast (api/ws.ts:594:13)
      at ReactProjectTool.execute (modules/tools/definitions/ReactProjectTool.ts:6054:26)
      at Object.<anonymous> (__tests__/records-presentation-authoring.test.ts:184:62)

    console.warn
      [WS] broadcast called but liveWssRef is null

    [0m [90m 77 |[39m     console[level] [33m=[39m ([33m...[39margs[33m:[39m any[]) [33m=>[39m {
     [90m 78 |[39m         [36mif[39m ([36mtypeof[39m args[[35m0[39m] [33m===[39m [32m'string'[39m 
[33m&&[39m [33mEXPECTED_AT_IMPORT[39m[33m.[39mtest(args[[35m0[39m])) [36mreturn[39m[33m;[39m
    [31m[1m>[22m[39m[90m 79 |[39m         real([33m...[39margs)[33m;[39m
     [90m    |[39m         [31m[1m^[22m[39m
     [90m 80 |[39m     }[33m;[39m
     [90m 81 |[39m }
     [90m 82 |[39m[0m

      at console.<computed> [as warn] (__tests__/setup.ts:79:9)
      at broadcast (api/ws.ts:594:13)
      at broadcastTerminalLine (api/ws.ts:703:5)
      at term (modules/tools/definitions/ReactProjectTool.ts:4340:38)
      at ReactProjectTool.execute (modules/tools/definitions/ReactProjectTool.ts:6259:13)
      at Object.<anonymous> (__tests__/records-presentation-authoring.test.ts:184:62)

    console.warn
      [WS] broadcast called but liveWssRef is null

    [0m [90m 77 |[39m     console[level] [33m=[39m ([33m...[39margs[33m:[39m any[]) [33m=>[39m {
     [90m 78 |[39m         [36mif[39m ([36mtypeof[39m args[[35m0[39m] [33m===[39m [32m'string'[39m 
[33m&&[39m [33mEXPECTED_AT_IMPORT[39m[33m.[39mtest(args[[35m0[39m])) [36mreturn[39m[33m;[39m
    [31m[1m>[22m[39m[90m 79 |[39m         real([33m...[39margs)[33m;[39m
     [90m    |[39m         [31m[1m^[22m[39m
     [90m 80 |[39m     }[33m;[39m
     [90m 81 |[39m }
     [90m 82 |[39m[0m

      at console.<computed> [as warn] (__tests__/setup.ts:79:9)
      at broadcast (api/ws.ts:594:13)
      at ReactProjectTool.execute (modules/tools/definitions/ReactProjectTool.ts:6497:30)
      at Object.<anonymous> (__tests__/records-presentation-authoring.test.ts:184:33)

    console.warn
      [WS] broadcast called but liveWssRef is null

    [0m [90m 77 |[39m     console[level] [33m=[39m ([33m...[39margs[33m:[39m any[]) [33m=>[39m {
     [90m 78 |[39m         [36mif[39m ([36mtypeof[39m args[[35m0[39m] [33m===[39m [32m'string'[39m 
[33m&&[39m [33mEXPECTED_AT_IMPORT[39m[33m.[39mtest(args[[35m0[39m])) [36mreturn[39m[33m;[39m
    [31m[1m>[22m[39m[90m 79 |[39m         real([33m...[39margs)[33m;[39m
     [90m    |[39m         [31m[1m^[22m[39m
     [90m 80 |[39m     }[33m;[39m
     [90m 81 |[39m }
     [90m 82 |[39m[0m

      at console.<computed> [as warn] (__tests__/setup.ts:79:9)
      at broadcast (api/ws.ts:594:13)
      at broadcastTerminalLine (api/ws.ts:703:5)
      at term (modules/tools/definitions/ReactProjectTool.ts:4340:38)
      at ReactProjectTool.execute (modules/tools/definitions/ReactProjectTool.ts:6499:17)
      at Object.<anonymous> (__tests__/records-presentation-authoring.test.ts:184:33)

    console.warn
      [WS] broadcast called but liveWssRef is null

    [0m [90m 77 |[39m     console[level] [33m=[39m ([33m...[39margs[33m:[39m any[]) [33m=>[39m {
     [90m 78 |[39m         [36mif[39m ([36mtypeof[39m args[[35m0[39m] [33m===[39m [32m'string'[39m 
[33m&&[39m [33mEXPECTED_AT_IMPORT[39m[33m.[39mtest(args[[35m0[39m])) [36mreturn[39m[33m;[39m
    [31m[1m>[22m[39m[90m 79 |[39m         real([33m...[39margs)[33m;[39m
     [90m    |[39m         [31m[1m^[22m[39m
     [90m 80 |[39m     }[33m;[39m
     [90m 81 |[39m }
     [90m 82 |[39m[0m

      at console.<computed> [as warn] (__tests__/setup.ts:79:9)
      at broadcast (api/ws.ts:594:13)
      at broadcastTerminalLine (api/ws.ts:703:5)
      at term (modules/tools/definitions/ReactProjectTool.ts:4340:38)
      at ReactProjectTool.execute (modules/tools/definitions/ReactProjectTool.ts:6602:17)
      at Object.<anonymous> (__tests__/records-presentation-authoring.test.ts:184:33)

    console.warn
      [WS] broadcast called but liveWssRef is null

    [0m [90m 77 |[39m     console[level] [33m=[39m ([33m...[39margs[33m:[39m any[]) [33m=>[39m {
     [90m 78 |[39m         [36mif[39m ([36mtypeof[39m args[[35m0[39m] [33m===[39m [32m'string'[39m 
[33m&&[39m [33mEXPECTED_AT_IMPORT[39m[33m.[39mtest(args[[35m0[39m])) [36mreturn[39m[33m;[39m
    [31m[1m>[22m[39m[90m 79 |[39m         real([33m...[39margs)[33m;[39m
     [90m    |[39m         [31m[1m^[22m[39m
     [90m 80 |[39m     }[33m;[39m
     [90m 81 |[39m }
     [90m 82 |[39m[0m

      at console.<computed> [as warn] (__tests__/setup.ts:79:9)
      at broadcast (api/ws.ts:594:13)
      at broadcastTerminalLine (api/ws.ts:703:5)
      at term (modules/tools/definitions/ReactProjectTool.ts:4340:38)
      at ReactProjectTool.execute (modules/tools/definitions/ReactProjectTool.ts:6626:9)
      at Object.<anonymous> (__tests__/records-presentation-authoring.test.ts:184:33)

    console.warn
      [WS] broadcast called but liveWssRef is null

    [0m [90m 77 |[39m     console[level] [33m=[39m ([33m...[39margs[33m:[39m any[]) [33m=>[39m {
     [90m 78 |[39m         [36mif[39m ([36mtypeof[39m args[[35m0[39m] [33m===[39m [32m'string'[39m 
[33m&&[39m [33mEXPECTED_AT_IMPORT[39m[33m.[39mtest(args[[35m0[39m])) [36mreturn[39m[33m;[39m
    [31m[1m>[22m[39m[90m 79 |[39m         real([33m...[39margs)[33m;[39m
     [90m    |[39m         [31m[1m^[22m[39m
     [90m 80 |[39m     }[33m;[39m
     [90m 81 |[39m }
     [90m 82 |[39m[0m

      at console.<computed> [as warn] (__tests__/setup.ts:79:9)
      at broadcast (api/ws.ts:594:13)
      at broadcastTerminalLine (api/ws.ts:703:5)
      at term (modules/tools/definitions/ReactProjectTool.ts:4340:38)
      at ReactProjectTool.execute (modules/tools/definitions/ReactProjectTool.ts:8081:9)
      at Object.<anonymous> (__tests__/records-presentation-authoring.test.ts:184:33)

    console.warn
      [WS] broadcast called but liveWssRef is null

    [0m [90m 77 |[39m     console[level] [33m=[39m ([33m...[39margs[33m:[39m any[]) [33m=>[39m {
     [90m 78 |[39m         [36mif[39m ([36mtypeof[39m args[[35m0[39m] [33m===[39m [32m'string'[39m 
[33m&&[39m [33mEXPECTED_AT_IMPORT[39m[33m.[39mtest(args[[35m0[39m])) [36mreturn[39m[33m;[39m
    [31m[1m>[22m[39m[90m 79 |[39m         real([33m...[39margs)[33m;[39m
     [90m    |[39m         [31m[1m^[22m[39m
     [90m 80 |[39m     }[33m;[39m
     [90m 81 |[39m }
     [90m 82 |[39m[0m

      at console.<computed> [as warn] (__tests__/setup.ts:79:9)
      at broadcast (api/ws.ts:594:13)
      at broadcastTerminalLine (api/ws.ts:703:5)
      at term (modules/tools/definitions/ReactProjectTool.ts:4340:38)
      at ReactProjectTool.execute (modules/tools/definitions/ReactProjectTool.ts:8151:9)
      at Object.<anonymous> (__tests__/records-presentation-authoring.test.ts:184:33)

    console.warn
      [WS] broadcast called but liveWssRef is null

    [0m [90m 77 |[39m     console[level] [33m=[39m ([33m...[39margs[33m:[39m any[]) [33m=>[39m {
     [90m 78 |[39m         [36mif[39m ([36mtypeof[39m args[[35m0[39m] [33m===[39m [32m'string'[39m 
[33m&&[39m [33mEXPECTED_AT_IMPORT[39m[33m.[39mtest(args[[35m0[39m])) [36mreturn[39m[33m;[39m
    [31m[1m>[22m[39m[90m 79 |[39m         real([33m...[39margs)[33m;[39m
     [90m    |[39m         [31m[1m^[22m[39m
     [90m 80 |[39m     }[33m;[39m
     [90m 81 |[39m }
     [90m 82 |[39m[0m

      at console.<computed> [as warn] (__tests__/setup.ts:79:9)
      at broadcast (api/ws.ts:594:13)
      at broadcastTerminalLine (api/ws.ts:703:5)
      at term (modules/tools/definitions/ReactProjectTool.ts:4340:38)
      at ReactProjectTool.execute (modules/tools/definitions/ReactProjectTool.ts:8239:9)
      at Object.<anonymous> (__tests__/records-presentation-authoring.test.ts:184:33)

    console.warn
      [WS] broadcast called but liveWssRef is null

    [0m [90m 77 |[39m     console[level] [33m=[39m ([33m...[39margs[33m:[39m any[]) [33m=>[39m {
     [90m 78 |[39m         [36mif[39m ([36mtypeof[39m args[[35m0[39m] [33m===[39m [32m'string'[39m 
[33m&&[39m [33mEXPECTED_AT_IMPORT[39m[33m.[39mtest(args[[35m0[39m])) [36mreturn[39m[33m;[39m
    [31m[1m>[22m[39m[90m 79 |[39m         real([33m...[39margs)[33m;[39m
     [90m    |[39m         [31m[1m^[22m[39m
     [90m 80 |[39m     }[33m;[39m
     [90m 81 |[39m }
     [90m 82 |[39m[0m

      at console.<computed> [as warn] (__tests__/setup.ts:79:9)
      at broadcast (api/ws.ts:594:13)
      at broadcastTerminalLine (api/ws.ts:703:5)
      at term (modules/tools/definitions/ReactProjectTool.ts:4340:38)
      at ReactProjectTool.execute (modules/tools/definitions/ReactProjectTool.ts:8666:13)
      at Object.<anonymous> (__tests__/records-presentation-authoring.test.ts:184:33)

node:events:487
      throw er; // Unhandled 'error' event
      ^

Error: EPERM: operation not permitted, open 
'D:\Joe\worktrees\codex-nvidia-provider-ui\api\logs\application-2026-09-30-22.log'
Emitted 'error' event at:
    at WriteStream.<anonymous> 
(D:\Joe\xelitesolutions\api\node_modules\file-stream-rotator\FileStreamRotator.js:697:15)
    at WriteStream.emit (node:events:509:28)
    at emitErrorNT (node:internal/streams/destroy:170:8)
    at emitErrorCloseNT (node:internal/streams/destroy:129:3)
    at processTicksAndRejections (node:internal/process/task_queues:90:21) {
  errno: -4048,
  code: 'EPERM',
  syscall: 'open',
  path: 'D:\\Joe\\worktrees\\codex-nvidia-provider-ui\\api\\logs\\application-2026-09-30-22.log'
}

Node.js v24.18.0

Summary of all failing tests
FAIL __tests__/a-column-called-fih.test.ts
  ظù the English half of the same cleaner still runs ظ║ a list of values is still refused

    expect(received).toBeNull()

    Received: [{"key": "text1", "label": "milk", "options": undefined, "role": "text", "type": "text"}, {"key": 
"text2", "label": "bread", "options": undefined, "role": "text", "type": "text"}, {"key": "text3", "label": "eggs", 
"options": undefined, "role": "text", "type": "text"}]

    [0m [90m 85 |[39m
     [90m 86 |[39m     it([32m'a list of values is still refused'[39m[33m,[39m () [33m=>[39m {
    [31m[1m>[22m[39m[90m 87 |[39m         expect(derivedColumns([32m'A shopping list with milk, bread and 
eggs'[39m))[33m.[39mtoBeNull()[33m;[39m
     [90m    |[39m                                                                             [31m[1m^[22m[39m
     [90m 88 |[39m     })[33m;[39m
     [90m 89 |[39m })[33m;[39m
     [90m 90 |[39m[0m

      at Object.<anonymous> (__tests__/a-column-called-fih.test.ts:87:77)

FAIL __tests__/a-verb-phrase-read-as-a-column.test.ts
  ظù a column is named by a noun, never by a verb ظ║ NEGATIVE ظ¤ TWO columns still outrank the noun, exactly as 
before

    expect(received).toBe(expected) // Object.is equality

    Expected: "generic"
    Received: "booking"

    [0m [90m  98 |[39m         [90m//  The boundary. Requiring two must not weaken the rule it guards:[39m
     [90m  99 |[39m         [90m//  a list he WROTE still beats a noun he happened to use.[39m
    [31m[1m>[22m[39m[90m 100 |[39m         expect(detectAppKind([32m'╪╣┘╪»┘è ╪╣┘è╪د╪»╪ر ╪ث╪│┘╪د┘╪î ╪ث╪▒┘è╪» 
╪ش╪»┘ê┘╪د┘ï ┘┘è┘ç ╪د╪│┘à ╪د┘┘à╪▒┘è╪╢ ┘ê╪▒┘é┘à ╪ز┘┘┘ê┘┘ç ┘ê┘ê┘é╪ز 
╪د┘┘à┘ê╪╣╪»'[39m))[33m.[39mtoBe([32m'generic'[39m)[33m;[39m
     [90m     |[39m                                                                                                  
     [31m[1m^[22m[39m
     [90m 101 |[39m     })[33m;[39m
     [90m 102 |[39m
     [90m 103 |[39m     it([32m'NEGATIVE ظ¤ a noun that OPENS with a verb letter is still a 
column'[39m[33m,[39m () [33m=>[39m {[0m

      at Object.<anonymous> (__tests__/a-verb-phrase-read-as-a-column.test.ts:100:103)

  ظù a column is named by a noun, never by a verb ظ║ NEGATIVE ظ¤ and the archetype that a column list SHOULD 
override still is

    expect(received).toBe(expected) // Object.is equality

    Expected: "generic"
    Received: "booking"

    [0m [90m 119 |[39m         expect(detectAppKind(
     [90m 120 |[39m             [32m'╪╣┘╪»┘è ╪╣┘è╪د╪»╪ر ╪ث╪│┘╪د┘╪î ╪ث╪▒┘è╪» ╪ش╪»┘ê┘╪د┘ï ┘┘è┘ç ╪د╪│┘à 
╪د┘┘à╪▒┘è╪╢ ┘ê╪▒┘é┘à ╪ز┘┘┘ê┘┘ç ┘ê╪ز╪د╪▒┘è╪« ╪د┘┘à┘ê╪╣╪»'[39m[33m,[39m
    [31m[1m>[22m[39m[90m 121 |[39m         ))[33m.[39mtoBe([32m'generic'[39m)[33m;[39m
     [90m     |[39m            [31m[1m^[22m[39m
     [90m 122 |[39m     })[33m;[39m
     [90m 123 |[39m })[33m;[39m
     [90m 124 |[39m[0m

      at Object.<anonymous> (__tests__/a-verb-phrase-read-as-a-column.test.ts:121:12)

FAIL __tests__/a-page-he-named-is-a-criterion-not-a-column.test.ts (9.981 s)
  ظù and a page he named is not a column in a table ظ║ a real column list is untouched ظ¤ this is a boundary, not a 
ban on ┬س┘┘è┘ç┬╗

    expect(received).toBe(expected) // Object.is equality

    Expected: 3
    Received: 0

    [0m [90m 67 |[39m     it([32m'a real column list is untouched ظ¤ this is a boundary, not a ban on 
┬س┘┘è┘ç┬╗'[39m[33m,[39m () [33m=>[39m {
     [90m 68 |[39m         [36mconst[39m got [33m=[39m ids([32m'╪ش╪»┘ê┘ ┘┘ê╪د╪ز┘è╪▒ ┘┘è┘ç ╪د╪│┘à 
╪د┘╪╣┘à┘è┘ ┘ê╪د┘┘à╪ذ┘╪║ ┘ê╪د┘╪ز╪د╪▒┘è╪«'[39m)[33m;[39m
    [31m[1m>[22m[39m[90m 69 |[39m         expect(got[33m.[39mfilter(i [33m=>[39m 
i[33m.[39mstartsWith([32m'column:'[39m))[33m.[39mlength)[33m.[39mtoBe([35m3[39m)[33m;[39m
     [90m    |[39m                                                                 [31m[1m^[22m[39m
     [90m 70 |[39m     })[33m;[39m
     [90m 71 |[39m
     [90m 72 |[39m     it([32m'a page AND columns in one sentence keeps the columns'[39m[33m,[39m () 
[33m=>[39m {[0m

      at Object.<anonymous> (__tests__/a-page-he-named-is-a-criterion-not-a-column.test.ts:69:65)

  ظù and a page he named is not a column in a table ظ║ a page AND columns in one sentence keeps the columns

    expect(received).toBe(expected) // Object.is equality

    Expected: 2
    Received: 0

    [0m [90m 81 |[39m         [90m//  pages is not a shop with a table.[39m
     [90m 82 |[39m         [36mconst[39m got [33m=[39m ids([32m'╪ش╪»┘ê┘ ┘┘ê╪د╪ز┘è╪▒ ┘┘è┘ç ╪╡┘╪ص╪ر 
╪د┘┘à┘╪ز╪ش╪د╪ز ┘ê╪د╪│┘à ╪د┘╪╣┘à┘è┘ ┘ê╪د┘┘à╪ذ┘╪║'[39m)[33m;[39m
    [31m[1m>[22m[39m[90m 83 |[39m         expect(got[33m.[39mfilter(i [33m=>[39m 
i[33m.[39mstartsWith([32m'column:'[39m))[33m.[39mlength)[33m.[39mtoBe([35m2[39m)[33m;[39m
     [90m    |[39m                                                                 [31m[1m^[22m[39m
     [90m 84 |[39m     })[33m;[39m
     [90m 85 |[39m })[33m;[39m
     [90m 86 |[39m[0m

      at Object.<anonymous> (__tests__/a-page-he-named-is-a-criterion-not-a-column.test.ts:83:65)


Test Suites: 3 failed, 19 passed, 22 total
Tests:       5 failed, 181 passed, 186 total
Snapshots:   0 total
Time:        30.69 s, estimated 38 s
Ran all test suites matching src/__tests__/a-column-called-fih.test.ts|src/__tests__/a-column-he-named-became-a-table.t
est.ts|src/__tests__/a-column-named-image-is-not-a-question.test.ts|src/__tests__/a-page-he-named-is-a-criterion-not-a-
column.test.ts|src/__tests__/a-request-that-names-columns-is-an-app.test.ts|src/__tests__/a-verb-phrase-read-as-a-colum
n.test.ts|src/__tests__/a-website-judged-by-table-columns.test.ts|src/__tests__/an-edit-adds-a-column-it-does-not-repla
ce-the-table.test.ts|src/__tests__/an-edit-that-doubled-a-column.test.ts|src/__tests__/article-prefixed-record-fields.t
est.ts|src/__tests__/his-columns-are-the-criteria.test.ts|src/__tests__/seven-columns-he-named-beat-the-catalogue.test.
ts|src/__tests__/the-panel-was-not-a-record.test.ts|src/__tests__/the-record-dropped-the-half-that-answers.test.ts|src/
__tests__/two-named-columns-are-a-table.test.ts|src/__tests__/workflow-capabilities-are-not-columns.test.ts|src/__tests
__/a-capability-is-a-control-not-a-word.test.ts|src/__tests__/weather-contract.test.ts|src/__tests__/weather-qa-route.t
est.ts|src/__tests__/records-presentation-authoring.test.ts|src/__tests__/records-requirements-without-a-model.test.ts|
src/__tests__/records-evidence-budget.test.ts.
npm notice
npm notice New major version of npm available! 11.16.0 -> 12.2.0
npm notice Changelog: https://github.com/npm/cli/releases/tag/v12.2.0
npm notice To update run: npm install -g npm@12.2.0
npm notice
